fortune_rank,company_name,official_x_handle,tweet_id,created_at,text,tweet_url,reply_count,repost_count,like_count,quote_count,view_count_available,media_present,media_type,collected_at,collection_method,max_posts_cap,source_folder
10,Cencora,@CencoraGlobal,2062912607019843724,Fri Jun 05 15:01:07 +0000 2026,"At @AsembiaRX #ASX26, Cencora leaders Jessica Lovett, Tommy Bramley, and Ryan Telford spoke with @PharmExec @Drug_Topics @AJMC_Journal on some the most important topics in specialty pharmacy today. 

From impact of real-world evidence and market access strategy to technology's role in specialty care, explore their thoughts: https://t.co/bNo1WyuAxM",https://x.com/CencoraGlobal/status/2062912607019843724,0,0,0,0,true,false,,2026-06-12T10:58:39.230118+00:00,capped browser-based collection of observable public posts,50,010_cencora
10,Cencora,@CencoraGlobal,2057161502432338414,Wed May 20 18:08:17 +0000 2026,"For high-stakes industries like pharmaceutical logistics, moonshot automation offers new ways to identify opportunities, challenges, and solutions that traditional methods might miss. Cencora's Kyle Pudenz, SVP and Head of Data and AI Product, explains why in Pharma's Almanac. 

Read more here: https://t.co/8BST82YYyU",https://x.com/CencoraGlobal/status/2057161502432338414,0,0,0,0,true,false,,2026-06-12T10:58:39.230118+00:00,capped browser-based collection of observable public posts,50,010_cencora
10,Cencora,@CencoraGlobal,2054604866878677174,Wed May 13 16:49:07 +0000 2026,"For @PharmaCommerce, Cencora's Matt Sample and American Health Packaging's Neal Cooper explore the operational hurdles and strategies the industry will need to navigate as the FDA transitions to a standardized 12-digit National Drug Code (NDC) format over the next seven years: https://t.co/xdviJGMEjH",https://x.com/CencoraGlobal/status/2054604866878677174,0,0,1,0,true,false,,2026-06-12T10:58:39.230118+00:00,capped browser-based collection of observable public posts,50,010_cencora
10,Cencora,@CencoraGlobal,2049887275702517986,Thu Apr 30 16:23:06 +0000 2026,"In a new episode of Drug Topics' Over the Counter podcast, Cencora's Matt Sample and Neal Cooper break down the FDA's transition to a standardized 12-digit National Drug Code (NDC) format — a shift they're calling a ""Y2K-level"" event for the pharmaceutical supply chain.

Listen now: https://t.co/xdviJGMEjH",https://x.com/CencoraGlobal/status/2049887275702517986,0,1,2,0,true,false,,2026-06-12T10:58:39.230118+00:00,capped browser-based collection of observable public posts,50,010_cencora
10,Cencora,@CencoraGlobal,2049153709511245999,Tue Apr 28 15:48:10 +0000 2026,"In a new feature with Chain Drug Review, Tim Cernohous and Tim Weber share how Good Neighbor Pharmacy and Cencora are using data-driven insights to help independent community pharmacies identify gaps in care, diversify revenue, and meet the evolving needs of the patients and communities they serve — from expanded clinical services and front-end merchandising to the growing Cencora Marketplace platform: https://t.co/BJXF0e417C",https://x.com/CencoraGlobal/status/2049153709511245999,0,1,4,0,true,false,,2026-06-12T10:58:39.230118+00:00,capped browser-based collection of observable public posts,50,010_cencora
10,Cencora,@CencoraGlobal,2044420320346484888,Wed Apr 15 14:19:22 +0000 2026,"Cencora SVP Matt Sample sat down with @DrugTopics to unpack the DSCSA developments pharmacies can't afford to miss in 2026, including the upcoming independent pharmacy exemption deadline and the shift to 12-digit NDCs. https://t.co/YgGAdTbssw https://t.co/TyNPiJZjQ5",https://x.com/CencoraGlobal/status/2044420320346484888,0,1,1,0,true,false,,2026-06-12T10:58:39.230118+00:00,capped browser-based collection of observable public posts,50,010_cencora
10,Cencora,@CencoraGlobal,2039372507224920505,Wed Apr 01 16:01:10 +0000 2026,"Cencora's LeeAnn Miller shares findings from a new Cencora survey of 100+ health system pharmacy leaders – revealing challenges and opportunities like specialty pharmacy, home infusion, and cell &amp; gene therapy via @HCInnovationGrp: https://t.co/Js0SOtFCl3 https://t.co/39t3o0qXE0",https://x.com/CencoraGlobal/status/2039372507224920505,0,1,2,0,true,false,,2026-06-12T10:58:39.230118+00:00,capped browser-based collection of observable public posts,50,010_cencora
10,Cencora,@CencoraGlobal,2036501088451334443,Tue Mar 24 17:51:10 +0000 2026,"As Matt Glucksmann writes in @MedCityNews: by embracing innovation, optimizing operations and advocating for change, pharmacy leaders can ensure their organizations are not only prepared for the future but are actively shaping it. Read: https://t.co/dx9DANJvMK https://t.co/e4iLKR0j6o",https://x.com/CencoraGlobal/status/2036501088451334443,0,1,1,0,true,false,,2026-06-12T10:58:39.230118+00:00,capped browser-based collection of observable public posts,50,010_cencora
10,Cencora,@CencoraGlobal,2033555514517270723,Mon Mar 16 14:46:30 +0000 2026,"In today's complex supply chain landscape, compliance with the DSCSA is more critical than ever. Matt Sample spoke with @Drug_Topics to share how Cencora is helping pharmacies verify, document, and prepare for what's next: https://t.co/0oR71zv6Ap https://t.co/JmBhZUvg8U",https://x.com/CencoraGlobal/status/2033555514517270723,0,1,2,0,true,false,,2026-06-12T10:58:39.230118+00:00,capped browser-based collection of observable public posts,50,010_cencora
10,Cencora,@CencoraGlobal,2028512009445077327,Mon Mar 02 16:45:25 +0000 2026,"Cencora’s Tim Cernohous talks preparing the Rx supply chain for the future, DSCSA implementation, and support for community pharmacies facing cost pressures in this @ChainDrugReview Video Forum: https://t.co/cWaDCpIWDu https://t.co/cTv5ayTAkU",https://x.com/CencoraGlobal/status/2028512009445077327,0,0,1,0,true,false,,2026-06-12T10:58:39.230118+00:00,capped browser-based collection of observable public posts,50,010_cencora
10,Cencora,@CencoraGlobal,2024893161231814895,Fri Feb 20 17:05:24 +0000 2026,"Cencora is investing $1 billion over five years to expand capacity, strengthen cold chain capabilities, and build greater resiliency across our distribution network. Tim Cernohous joins @Chaindrugreview to share more: https://t.co/cWaDCpIWDu https://t.co/J6NoR3RCkX",https://x.com/CencoraGlobal/status/2024893161231814895,0,0,1,0,true,false,,2026-06-12T10:58:39.230118+00:00,capped browser-based collection of observable public posts,50,010_cencora
10,Cencora,@CencoraGlobal,2023837879596638656,Tue Feb 17 19:12:06 +0000 2026,"Resilience is a supply chain requirement. For @SCBrain, Kyle Pudenz outlines how AI is supporting stronger planning and response capabilities across the global pharma supply chain: https://t.co/I0abKpsNy8 https://t.co/ii2tMDFmvO",https://x.com/CencoraGlobal/status/2023837879596638656,0,1,2,0,true,false,,2026-06-12T10:58:39.230118+00:00,capped browser-based collection of observable public posts,50,010_cencora
10,Cencora,@CencoraGlobal,2016961318838812807,Thu Jan 29 19:47:06 +0000 2026,"For @PharmaCommerce, Tina Martinez shares how Global Products & Solutions partners with customers to streamline clinical trial supply and pilot new adherence technologies across international markets, translating global scale into measurable results. Watch:  https://t.co/l9hbOgtZ4s",https://x.com/CencoraGlobal/status/2016961318838812807,0,1,3,0,true,false,,2026-06-12T10:58:39.230118+00:00,capped browser-based collection of observable public posts,50,010_cencora
10,Cencora,@CencoraGlobal,2013671168704762022,Tue Jan 20 17:53:13 +0000 2026,"For @PharmaCommerce, Cencora’s Tina Martinez shares how active listening, early validation, and iterative piloting help bring co-developed solutions with our customers, from clinical to commercial, to life. Watch: https://t.co/C0zg8OcPSW https://t.co/hHyilDzLL5",https://x.com/CencoraGlobal/status/2013671168704762022,0,1,2,0,true,false,,2026-06-12T10:58:39.230118+00:00,capped browser-based collection of observable public posts,50,010_cencora
10,Cencora,@CencoraGlobal,2003524800694644807,Tue Dec 23 17:55:10 +0000 2025,"For @PharmExec, Cencora leaders Kevin Chinn and Louis Cicchini share five steps for a successful transition from clinical development to commercial launch for CGTs – with insights from leaders across health systems who see this impact first-hand. Read: https://t.co/RDw6mzjxqc https://t.co/8LB5vCWRZp",https://x.com/CencoraGlobal/status/2003524800694644807,1,1,2,0,true,false,,2026-06-12T10:58:39.230118+00:00,capped browser-based collection of observable public posts,50,010_cencora
10,Cencora,@CencoraGlobal,2002103676991676603,Fri Dec 19 19:48:08 +0000 2025,"Serialized, item-level traceability is now live across the U.S. pharmaceutical supply chain as required by the DSCSA. For @Medicine_Maker, SVP Matt Sample shares what made the transition work for Cencora - from data quality to cross-partner coordination. Read on: https://t.co/mdPbREUS4w",https://x.com/CencoraGlobal/status/2002103676991676603,0,1,2,0,true,false,,2026-06-12T10:58:39.230118+00:00,capped browser-based collection of observable public posts,50,010_cencora
10,Cencora,@CencoraGlobal,1998088213093621865,Mon Dec 08 17:52:07 +0000 2025,"“In the world of CGT products, change is the only constant.” Cencora’s Melissa Lattanzi breaks down how a flexible distribution model drives faster access to cell &amp; gene therapies, and why choosing the right partner matters for @PharmExec: https://t.co/XXkmBAqKLe https://t.co/FBRWTmSSLJ",https://x.com/CencoraGlobal/status/1998088213093621865,0,1,2,0,true,false,,2026-06-12T10:58:39.230118+00:00,capped browser-based collection of observable public posts,50,010_cencora
10,Cencora,@CencoraGlobal,1989406050613703019,Fri Nov 14 18:52:18 +0000 2025,"Dennis Nelson, Director of Biosimilar Commercialization, spoke with @Citeline about how the biosimilars market is evolving, highlighting new launch strategies, private-label activity, and regulatory developments that may accelerate access. Read more: https://t.co/XqeElUa9lk https://t.co/NKzzEudIGT",https://x.com/CencoraGlobal/status/1989406050613703019,0,1,2,0,true,false,,2026-06-12T10:58:39.230118+00:00,capped browser-based collection of observable public posts,50,010_cencora
10,Cencora,@CencoraGlobal,1986461115702821357,Thu Nov 06 15:50:11 +0000 2025,"For @PharmaCommerce, Heather Zenk, President of U.S. Supply Chain at Cencora, shares how technology, collaboration, and smarter sourcing are just a few ways we’re defining Cencora’s role in more resilient, sustainable pharma supply chains. 

Read more: https://t.co/XH8c9EjEEt https://t.co/fj19skOd2t",https://x.com/CencoraGlobal/status/1986461115702821357,0,3,5,0,true,false,,2026-06-12T10:58:39.230118+00:00,capped browser-based collection of observable public posts,50,010_cencora
10,Cencora,@CencoraGlobal,1983923657282830718,Thu Oct 30 15:47:14 +0000 2025,"Proactive CMC strategies are critical for CGT developers to avoid regulatory delays and bring therapies to patients faster. In @PharmaExec, Cencora experts Louis Cicchini, and Michael Day, share how developers can reduce the risk of FDA complete response letters: https://t.co/LksdAK9W9h",https://x.com/CencoraGlobal/status/1983923657282830718,0,2,2,0,true,false,,2026-06-12T10:58:39.230118+00:00,capped browser-based collection of observable public posts,50,010_cencora
10,Cencora,@CencoraGlobal,1978896527549452365,Thu Oct 16 18:51:12 +0000 2025,"IntrinsiQ Specialty Solutions is expanding its data and insights to support precision medicine, providing manufacturers with real-world visibility into therapy use. See how this strengthens connections across the healthcare ecosystem: https://t.co/ICJJjxWl5y https://t.co/KPvRjv6qPg",https://x.com/CencoraGlobal/status/1978896527549452365,0,2,3,0,true,false,,2026-06-12T10:58:39.230118+00:00,capped browser-based collection of observable public posts,50,010_cencora
10,Cencora,@CencoraGlobal,1973104358091870474,Tue Sep 30 19:15:12 +0000 2025,"As of August 27, most distributors successfully met the enhanced tracing requirements under the Drug Supply Chain Security Act (DSCSA)—a major step forward in securing the pharmaceutical supply chain.

Read more on Regulatory Focus: https://t.co/AkXrnuR1wu https://t.co/y97sqzdLX1",https://x.com/CencoraGlobal/status/1973104358091870474,1,2,2,0,true,false,,2026-06-12T10:58:39.230118+00:00,capped browser-based collection of observable public posts,50,010_cencora
10,Cencora,@CencoraGlobal,1970561084416311670,Tue Sep 23 18:49:08 +0000 2025,"Expanding access to healthcare starts with reducing barriers to treatment – especially for specialty medications. In @SpecialtyPharm, Chara Reid and Christie Smith point to approaches like medically integrated dispensing to improve coordination and patient access: https://t.co/52Am9xfNFu",https://x.com/CencoraGlobal/status/1970561084416311670,0,2,2,0,true,false,,2026-06-12T10:58:39.230118+00:00,capped browser-based collection of observable public posts,50,010_cencora
10,Cencora,@CencoraGlobal,1960754240592232684,Wed Aug 27 17:20:14 +0000 2025,"In her @PharmaCommerce video interview series, Heather Zenk, President of U.S. Supply Chain at Cencora, shares insights on building a more resilient and efficient pharmaceutical supply chain. 

Watch the full series here: https://t.co/VeYdC8p5fn https://t.co/T3lUzd0510",https://x.com/CencoraGlobal/status/1960754240592232684,1,3,3,0,true,false,,2026-06-12T10:58:39.230118+00:00,capped browser-based collection of observable public posts,50,010_cencora
10,Cencora,@CencoraGlobal,1958602892669042770,Thu Aug 21 18:51:33 +0000 2025,"John Arena, President of Global Pharma Services, shares why accelerated regulatory pathways demand accelerated readiness—plus insights on payer engagement, global planning, and commercialization strategy on In Vivo Citeline.

Learn more: https://t.co/1ygo5xEalB https://t.co/PeroPdEia9",https://x.com/CencoraGlobal/status/1958602892669042770,1,1,2,0,true,false,,2026-06-12T10:58:39.230118+00:00,capped browser-based collection of observable public posts,50,010_cencora
10,Cencora,@CencoraGlobal,1955294507144007939,Tue Aug 12 15:45:12 +0000 2025,"Cell and gene therapy breakthroughs require a well-planned path to market. Cencora VP Kevin Chinn shares why early and integrated planning is key to avoiding regulatory, access, and logistics hurdles in @PharmaCommerce: https://t.co/Xv9U3XlW1g https://t.co/Qvf7rachwm",https://x.com/CencoraGlobal/status/1955294507144007939,3,2,4,0,true,false,,2026-06-12T10:58:39.230118+00:00,capped browser-based collection of observable public posts,50,010_cencora
10,Cencora,@CencoraGlobal,1944754766099235139,Mon Jul 14 13:44:02 +0000 2025,"Since the first approved gene therapy in the field six years ago, cell and gene therapy studies in ophthalmology may offer hope for untreatable conditions. Cencora’s Louis Cicchini, PhD, breaks down the progress, promise, and potential for @ModernRetina: https://t.co/bdtGYPbaDi https://t.co/kSMZfEuHMJ",https://x.com/CencoraGlobal/status/1944754766099235139,0,2,7,0,true,false,,2026-06-12T10:58:39.230118+00:00,capped browser-based collection of observable public posts,50,010_cencora
10,Cencora,@CencoraGlobal,1935699741741912210,Thu Jun 19 14:02:36 +0000 2025,"MWI Animal Health is investing in the leaders of tomorrow, today. 

See how initiatives like the Future Leaders program are cultivating confident, cross-functional leaders who help the entire organization thrive in @Vet_Advantage: https://t.co/xLfoAHRH9i https://t.co/zjJoL4wiU7",https://x.com/CencoraGlobal/status/1935699741741912210,0,2,4,0,true,false,,2026-06-12T10:58:39.230118+00:00,capped browser-based collection of observable public posts,50,010_cencora
10,Cencora,@CencoraGlobal,1933525447641289070,Fri Jun 13 14:02:44 +0000 2025,"In @ChainDrugReview, Cencora leaders Heather Zenk and Rich Tremonte share how we're using innovation to help prevent supply disruptions while enabling our customers to deliver essential therapies with greater speed and reliability: https://t.co/PvKoG91SLM https://t.co/Z9WRUnPEag",https://x.com/CencoraGlobal/status/1933525447641289070,2,2,3,0,true,false,,2026-06-12T10:58:39.230118+00:00,capped browser-based collection of observable public posts,50,010_cencora
10,Cencora,@CencoraGlobal,1925571104422101305,Thu May 22 15:15:01 +0000 2025,"Our best solutions start by listening to our customers’ most pressing challenges. For @ChainDrugReview, Jay Dombi &amp; @GoodNeighborRx’s Jenni Zilka share how Cencora Marketplace was built collaboratively to help pharmacies meet evolving community needs: https://t.co/locSzEVK1O https://t.co/Y6Yy3hDtck",https://x.com/CencoraGlobal/status/1925571104422101305,1,2,2,0,true,false,,2026-06-12T10:58:39.230118+00:00,capped browser-based collection of observable public posts,50,010_cencora
10,Cencora,@CencoraGlobal,1924450386535997506,Mon May 19 13:01:41 +0000 2025,What’s needed to bring innovative pharmaceuticals to market?  Cencora SVP Sandra Anderson joins Alloga and ICS SVP Chris Williams on @pharmaphorum to discuss what smaller biotech companies need to ensure a successful go-to-market strategy: https://t.co/Nc0fSZ8RqO https://t.co/k4hcLb8Hi9,https://x.com/CencoraGlobal/status/1924450386535997506,1,2,2,0,true,false,,2026-06-12T10:58:39.230118+00:00,capped browser-based collection of observable public posts,50,010_cencora
10,Cencora,@CencoraGlobal,1922653826907037972,Wed May 14 14:02:48 +0000 2025,"Good Neighbor Pharmacy is harnessing data to help independent pharmacies uncover and close care gaps. 📊 Jenni Zilka and Cencora’s Tim Cernohous break it down in Chain Drug Review. 

Flip for the full story: https://t.co/uCHQssqGf7 https://t.co/vR9t2YoOCC",https://x.com/CencoraGlobal/status/1922653826907037972,0,2,2,0,true,false,,2026-06-12T10:58:39.230118+00:00,capped browser-based collection of observable public posts,50,010_cencora
10,Cencora,@CencoraGlobal,1920496470144241816,Thu May 08 15:10:14 +0000 2025,"At Cencora’s TMF Leadership Summit, the balance of oversight in outsourced trials took center stage. Watch why Rob Jones, product manager, Pharmalex says “trust but verify” is key for collaborative and compliant outcomes for @Clin_Trials: https://t.co/FxS4BgmejV https://t.co/pCiQZKDRzo",https://x.com/CencoraGlobal/status/1920496470144241816,1,3,4,0,true,false,,2026-06-12T10:58:39.230118+00:00,capped browser-based collection of observable public posts,50,010_cencora
10,Cencora,@CencoraGlobal,1915074056430248268,Wed Apr 23 16:03:30 +0000 2025,"Brent Wilhelm, SVP of Supply Chain Planning &amp; Optimization, spoke with Pharmaceutical Executive about the critical role of a resilient supply chain and the benefits of a centralized entry model, smart monitoring tech, and steps to mitigate disruptions: https://t.co/lnqIbq5RUV https://t.co/t4MTHFL1Dt",https://x.com/CencoraGlobal/status/1915074056430248268,0,2,3,0,true,false,,2026-06-12T10:58:39.230118+00:00,capped browser-based collection of observable public posts,50,010_cencora
10,Cencora,@CencoraGlobal,1914319999121899605,Mon Apr 21 14:07:08 +0000 2025,"Claire Biermaas recently shared insights with Drug Store News on the retail pharmacy industry's shift towards value-based, patient-centered care models and how technology can streamline processes to enhance experiences for both patients and pharmacists. 
 https://t.co/0FsNLpdCve https://t.co/VPC2Ddh1OV",https://x.com/CencoraGlobal/status/1914319999121899605,0,2,2,0,true,false,,2026-06-12T10:58:39.230118+00:00,capped browser-based collection of observable public posts,50,010_cencora
10,Cencora,@CencoraGlobal,1911776471913209858,Mon Apr 14 13:40:04 +0000 2025,"Michael Culme-Seymour, Regional Vice President for Asia Pacific (APAC) for World Courier sits down with BioSpectrum Asia to discuss the latest trends in pharma logistics and how Cencora is positioned to address these emerging challenges. 

Read it here: https://t.co/u2w0vrB11w https://t.co/3KQzrOpHev",https://x.com/CencoraGlobal/status/1911776471913209858,0,2,3,0,true,false,,2026-06-12T10:58:39.230118+00:00,capped browser-based collection of observable public posts,50,010_cencora
10,Cencora,@CencoraGlobal,1909636149271842895,Tue Apr 08 15:55:11 +0000 2025,"Healthcare providers and pharmaceutical companies alike rely on our work as distributors to provide patients with access to the medication they need.  

Read more to find out what might happen in a world without distributors:  https://t.co/udIBc0taUX https://t.co/ay9G4lXu4m",https://x.com/CencoraGlobal/status/1909636149271842895,0,2,3,0,true,false,,2026-06-12T10:58:39.230118+00:00,capped browser-based collection of observable public posts,50,010_cencora
10,Cencora,@CencoraGlobal,1905262176853516672,Thu Mar 27 14:14:35 +0000 2025,"Good Neighbor Pharmacy President Jenni Zilka &amp; Cencora SVP Kyle Pudenz join Drug Topics to discuss the emergence of pharmacy deserts and how new data from Cencora is helping pharmacists uncover and fill gaps in care. 

Learn more: https://t.co/NrxsBnEq9f https://t.co/1lqVug8Giq",https://x.com/CencoraGlobal/status/1905262176853516672,0,2,3,0,true,false,,2026-06-12T10:58:39.230118+00:00,capped browser-based collection of observable public posts,50,010_cencora
10,Cencora,@CencoraGlobal,1902023510576304342,Tue Mar 18 15:45:17 +0000 2025,"Distributors aren’t only important to the pharmaceutical supply chain—we are essential to the entire healthcare industry.  

Explore a world without distributors here:  https://t.co/9z2KAlc0zi 

#medicalsupplychain #pharmadistributors https://t.co/fenWZfRRJd",https://x.com/CencoraGlobal/status/1902023510576304342,0,2,4,0,true,false,,2026-06-12T10:58:39.230118+00:00,capped browser-based collection of observable public posts,50,010_cencora
10,Cencora,@CencoraGlobal,1899134183680729198,Mon Mar 10 16:24:08 +0000 2025,"Cencora's 2024 Corporate Responsibility report is now live. See how Cencora prioritizes purpose-driven team members, resilient and sustainable operations, and healthy customers and communities in 2024: https://t.co/huZNj8lLHV https://t.co/qBvHLxCMzG",https://x.com/CencoraGlobal/status/1899134183680729198,1,2,3,0,true,false,,2026-06-12T10:58:39.230118+00:00,capped browser-based collection of observable public posts,50,010_cencora
10,Cencora,@CencoraGlobal,1894417407789183137,Tue Feb 25 16:01:21 +0000 2025,"Distributors like us are a vital link connecting healthcare providers and manufacturers.  

But what would happen if distributors didn’t exist? Find out here: 
https://t.co/lSFXV8E9cz 

#patientaccess #drugdistribution https://t.co/d1UAF2IxzI",https://x.com/CencoraGlobal/status/1894417407789183137,0,2,4,1,true,false,,2026-06-12T10:58:39.230118+00:00,capped browser-based collection of observable public posts,50,010_cencora
10,Cencora,@CencoraGlobal,1894025088460005456,Mon Feb 24 14:02:25 +0000 2025,"At Cencora, we’re driven by our purpose to create healthier futures, and that purpose begins with our team members.    

Explore our current job openings: https://t.co/Cz4bPpkXWd https://t.co/P3OyDP0fPx",https://x.com/CencoraGlobal/status/1894025088460005456,0,2,3,0,true,false,,2026-06-12T10:58:39.230118+00:00,capped browser-based collection of observable public posts,50,010_cencora
10,Cencora,@CencoraGlobal,1892605578960101458,Thu Feb 20 16:01:47 +0000 2025,"In the United States, approximately 30 million people reside in pharmacy deserts, where there's no retail pharmacy within 1 mile in urban areas, 2 miles in suburban areas, or 10 miles in rural areas from an individual’s home. 

Learn more:  https://t.co/NPdEvuZYtk https://t.co/CmeOml4nhM",https://x.com/CencoraGlobal/status/1892605578960101458,0,3,4,0,true,false,,2026-06-12T10:58:39.230118+00:00,capped browser-based collection of observable public posts,50,010_cencora
10,Cencora,@CencoraGlobal,1891895940572741720,Tue Feb 18 17:01:56 +0000 2025,"Jenna Dale, Director of Client Relations at Cencora, explains how pharmaceutical manufacturers utilize robust continuity plans to navigate supply chain disruptions and other challenges in a video interview with Pharmaceutical Commerce. 

Watch the video: https://t.co/7veAfsJfyI https://t.co/OwafJ3g55d",https://x.com/CencoraGlobal/status/1891895940572741720,0,3,3,0,true,false,,2026-06-12T10:58:39.230118+00:00,capped browser-based collection of observable public posts,50,010_cencora
10,Cencora,@CencoraGlobal,1890070685533266300,Thu Feb 13 16:09:01 +0000 2025,"Heather Zenk and Claire Biermaas share predictions on the upcoming opportunities and challenges in pharmacy and distribution for the year ahead in a recent Chain Drug Review article.  

Read more: https://t.co/fxaRVaSWuD https://t.co/GbjQCJuhJV",https://x.com/CencoraGlobal/status/1890070685533266300,0,2,3,0,true,false,,2026-06-12T10:58:39.230118+00:00,capped browser-based collection of observable public posts,50,010_cencora
10,Cencora,@CencoraGlobal,1888951690906194254,Mon Feb 10 14:02:32 +0000 2025,"Cencora expands sure supply program to help hospital and health system customers mitigate shortages. 

Nearly 200 medications – including several oncology treatments – are now available through the program. 

Read more: https://t.co/alwWL8wmoj https://t.co/v2vSZsYMDB",https://x.com/CencoraGlobal/status/1888951690906194254,1,2,3,0,true,false,,2026-06-12T10:58:39.230118+00:00,capped browser-based collection of observable public posts,50,010_cencora
10,Cencora,@CencoraGlobal,1886414827809116450,Mon Feb 03 14:01:57 +0000 2025,"Jenni Zilka, President of Good Neighbor Pharmacy, spoke with PYMNTS about the network’s mission to equip independent pharmacies with the tools and resources they need to deliver exceptional care while growing their businesses.  

Learn more: https://t.co/vKG0uSvtH2 https://t.co/seYPTGtped",https://x.com/CencoraGlobal/status/1886414827809116450,0,2,3,0,true,false,,2026-06-12T10:58:39.230118+00:00,capped browser-based collection of observable public posts,50,010_cencora
10,Cencora,@CencoraGlobal,1882825743064797409,Fri Jan 24 16:20:13 +0000 2025,Learn more about our efforts and the importance of DSCSA compliance in a recent article by @Suppyl Chain Dive.  https://t.co/QoEiBMSIYO https://t.co/WkbCSVM4Bf,https://x.com/CencoraGlobal/status/1882825743064797409,0,2,3,0,true,false,,2026-06-12T10:58:39.230118+00:00,capped browser-based collection of observable public posts,50,010_cencora
10,Cencora,@CencoraGlobal,1882156591744520276,Wed Jan 22 20:01:14 +0000 2025,"With nearly 700 charitable organizations benefiting, team members from eight countries joined forces, resulting in more than double the number of participants from previous years during our Season of Giving event! https://t.co/3VJ3h8qE02",https://x.com/CencoraGlobal/status/1882156591744520276,0,2,3,0,true,false,,2026-06-12T10:58:39.230118+00:00,capped browser-based collection of observable public posts,50,010_cencora
10,Cencora,@CencoraGlobal,1881366123427369276,Mon Jan 20 15:40:12 +0000 2025,"Learn more about Cencora’s projected cold chain growth, including Cell and Gene Therapy (CGT) products, over the next five years. https://t.co/53rokAos4k https://t.co/ffm8JfJsUS",https://x.com/CencoraGlobal/status/1881366123427369276,0,2,2,0,true,false,,2026-06-12T10:58:39.230118+00:00,capped browser-based collection of observable public posts,50,010_cencora
