fortune_rank,company_name,official_x_handle,source_x_handle,source_x_url,account_role,account_index,tweet_id,created_at,text,tweet_url,reply_count,repost_count,like_count,quote_count,view_count_available,media_present,media_type,collected_at,collection_method,max_posts_cap,source_folder
48,UPS,@ups,@ups,https://x.com/ups,primary,1,2065097881632301072,Thu Jun 11 15:44:37 +0000 2026,We’re trending AND delivering.,https://x.com/ups/status/2065097881632301072,7,8,59,0,true,false,,2026-06-12T14:31:18.186900+00:00,browser-based scroll-exhaustion collection of observable public posts,30,048_ups
48,UPS,@ups,@ups,https://x.com/ups,primary,1,2064921578517786953,Thu Jun 11 04:04:03 +0000 2026,Massive crowd on the Upper West Side starts chanting “UPS” simply because a UPS truck pulls up #GoKnicks https://t.co/oCO0iJwicn,https://x.com/ups/status/2064921578517786953,122,1976,32854,410,true,false,,2026-06-12T14:31:18.186900+00:00,browser-based scroll-exhaustion collection of observable public posts,30,048_ups
48,UPS,@ups,@ups,https://x.com/ups,primary,1,2064385533376156013,Tue Jun 09 16:34:00 +0000 2026,Packages weren't the only thing delivered. https://t.co/eoPydDrtLo,https://x.com/ups/status/2064385533376156013,13,6,26,2,true,false,,2026-06-12T14:31:18.186900+00:00,browser-based scroll-exhaustion collection of observable public posts,30,048_ups
48,UPS,@ups,@ups,https://x.com/ups,primary,1,2064033467231240566,Mon Jun 08 17:15:01 +0000 2026,"Need the easy button for logistics? We’re on it. 🤜🤛

We’re investing $50M in our network and adding a new time-definite heavy air freight service to and from Mexico to help automotive and industrial customers move faster, simplify cross-border shipping and keep production on track.
https://t.co/83X91erHFr",https://x.com/ups/status/2064033467231240566,18,2,10,0,true,false,,2026-06-12T14:31:18.186900+00:00,browser-based scroll-exhaustion collection of observable public posts,30,048_ups
48,UPS,@ups,@ups,https://x.com/ups,primary,1,2062582150646419458,Thu Jun 04 17:08:00 +0000 2026,"Growth doesn’t wait. Shipping can’t either. 📦

That's why we built a shipping approach for @Weathertech with:
- clearer pricing
- simpler day-to-day shipping
- solutions built to scale

See how we help customers grow: https://t.co/pS3GNWXF5X
📸 John Harvey https://t.co/EmpMdaavo8",https://x.com/ups/status/2062582150646419458,26,0,15,0,true,false,,2026-06-12T14:31:18.186900+00:00,browser-based scroll-exhaustion collection of observable public posts,30,048_ups
48,UPS,@ups,@ups,https://x.com/ups,primary,1,2062203659434258859,Wed Jun 03 16:04:00 +0000 2026,"When the rules shift, our network shifts faster. 💨

New regulations forced @AudienHearing to rethink how products move. Our UPS Customer Solutions team jumped in with an end-to-end supply chain reset, helping Audien navigate disruption, protect service and manage costs.

Watch the video to see how we helped Audien beat uncertainty. https://t.co/Yk92xXdRto",https://x.com/ups/status/2062203659434258859,11,2,9,0,true,false,,2026-06-12T14:31:18.186900+00:00,browser-based scroll-exhaustion collection of observable public posts,30,048_ups
48,UPS,@ups,@ups,https://x.com/ups,primary,1,2061860144317649209,Tue Jun 02 17:19:00 +0000 2026,"🚨🚨Don’t miss our global supply chain update 🚨🚨
Learn more here: https://t.co/R4ouPx1tMg https://t.co/KeJS8vMd3m",https://x.com/ups/status/2061860144317649209,6,0,14,0,true,false,,2026-06-12T14:31:18.186900+00:00,browser-based scroll-exhaustion collection of observable public posts,30,048_ups
48,UPS,@ups,@ups,https://x.com/ups,primary,1,2061092084388368574,Sun May 31 14:27:00 +0000 2026,"Soft launching summer 😎 
#UPSOfficeViews 📍Chicago https://t.co/fQVxDWO1Xe",https://x.com/ups/status/2061092084388368574,12,6,30,0,true,false,,2026-06-12T14:31:18.186900+00:00,browser-based scroll-exhaustion collection of observable public posts,30,048_ups
48,UPS,@ups,@ups,https://x.com/ups,primary,1,2060781287623762257,Sat May 30 17:52:01 +0000 2026,"Take a moment for yourself today and try this box breathing exercise with us. 🤎💛🤎
#MentalHealthAwarenessMonth https://t.co/iiRGFI9Sz3",https://x.com/ups/status/2060781287623762257,9,0,12,0,true,false,,2026-06-12T14:31:18.186900+00:00,browser-based scroll-exhaustion collection of observable public posts,30,048_ups
48,UPS,@ups,@ups,https://x.com/ups,primary,1,2060365100544831912,Fri May 29 14:18:14 +0000 2026,"RT @UPS_News: UPS Invests $50 Million to Transform Logistics for North American Automotive and Industrial Manufacturers, Launches Air Freig…",https://x.com/ups/status/2060365100544831912,0,3,0,0,false,false,,2026-06-12T14:31:18.186900+00:00,browser-based scroll-exhaustion collection of observable public posts,30,048_ups
48,UPS,@ups,@ups,https://x.com/ups,primary,1,2060310863462969779,Fri May 29 10:42:43 +0000 2026,"UPS Invests $50 Million to Transform Logistics for North American Automotive and Industrial Manufacturers, Launches Air Freight Expansion in Mexico https://t.co/QesUGDRhUS",https://x.com/ups/status/2060310863462969779,20,3,10,0,true,false,,2026-06-12T14:31:18.186900+00:00,browser-based scroll-exhaustion collection of observable public posts,30,048_ups
48,UPS,@ups,@ups,https://x.com/ups,primary,1,2059699404852847074,Wed May 27 18:13:00 +0000 2026,"Big goal. Bigger follow-through.
 
That’s right, this year we reached a major milestone in community impact: 30 million volunteer hours – 4 years ahead of schedule. 🎉

Learn more: https://t.co/noNcJT5FbY
#GlobalVolunteerMonth https://t.co/jDbBcx0140",https://x.com/ups/status/2059699404852847074,13,0,7,0,true,false,,2026-06-12T14:31:18.186900+00:00,browser-based scroll-exhaustion collection of observable public posts,30,048_ups
48,UPS,@ups,@ups,https://x.com/ups,primary,1,2058918512031158579,Mon May 25 14:30:00 +0000 2026,"Today, we pause to honor the brave men and women who made the ultimate sacrifice in service to our country. We remember their courage with gratitude. https://t.co/HGhU11zX7R",https://x.com/ups/status/2058918512031158579,12,7,26,0,true,false,,2026-06-12T14:31:18.186900+00:00,browser-based scroll-exhaustion collection of observable public posts,30,048_ups
48,UPS,@ups,@ups,https://x.com/ups,primary,1,2056424403508859363,Mon May 18 17:19:18 +0000 2026,"RT @LiverpoolFCW: A special delivery from our skipper to Anfield, courtesy of @UPS  📦❤️ https://t.co/dZ95IChJaP",https://x.com/ups/status/2056424403508859363,0,22,0,0,true,false,,2026-06-12T14:31:18.186900+00:00,browser-based scroll-exhaustion collection of observable public posts,30,048_ups
48,UPS,@ups,@ups,https://x.com/ups,primary,1,2056403415664562427,Mon May 18 15:55:55 +0000 2026,"A special delivery from our skipper to Anfield, courtesy of @UPS  📦❤️ https://t.co/dZ95IChJaP",https://x.com/ups/status/2056403415664562427,16,22,274,0,true,false,,2026-06-12T14:31:18.186900+00:00,browser-based scroll-exhaustion collection of observable public posts,30,048_ups
48,UPS,@ups,@ups,https://x.com/ups,primary,1,2056017397094527278,Sun May 17 14:22:01 +0000 2026,"Camouflage: 8/10 
Delivery: 10/10
📸 Pete Renaud 📍Florida https://t.co/g68s1TfxDD",https://x.com/ups/status/2056017397094527278,27,4,22,0,true,false,,2026-06-12T14:31:18.186900+00:00,browser-based scroll-exhaustion collection of observable public posts,30,048_ups
48,UPS,@ups,@ups,https://x.com/ups,primary,1,2055390001651683361,Fri May 15 20:48:58 +0000 2026,"You know it's good when you come back for seconds.
https://t.co/1hC5V6hyMV",https://x.com/ups/status/2055390001651683361,10,1,5,0,true,false,,2026-06-12T14:31:18.186900+00:00,browser-based scroll-exhaustion collection of observable public posts,30,048_ups
48,UPS,@ups,@ups,https://x.com/ups,primary,1,2054277893270757705,Tue May 12 19:09:51 +0000 2026,"We're everywhere 😏😏
https://t.co/8VHMS7QuAr",https://x.com/ups/status/2054277893270757705,27,1,5,0,true,false,,2026-06-12T14:31:18.186900+00:00,browser-based scroll-exhaustion collection of observable public posts,30,048_ups
48,UPS,@ups,@ups,https://x.com/ups,primary,1,2053877295006249365,Mon May 11 16:38:00 +0000 2026,Congrats to the Class of 2026! Best of luck wherever your route takes you. 🎓 https://t.co/VPetRuNMeh,https://x.com/ups/status/2053877295006249365,13,5,21,0,true,false,,2026-06-12T14:31:18.186900+00:00,browser-based scroll-exhaustion collection of observable public posts,30,048_ups
48,UPS,@ups,@ups,https://x.com/ups,primary,1,2053476653750247931,Sun May 10 14:06:00 +0000 2026,Delivering extra love and gratitude for all the moms in our lives. Happy Mother's Day! 🌹🪻🌷🌻 https://t.co/LSzQDNVtNj,https://x.com/ups/status/2053476653750247931,13,3,29,0,true,false,,2026-06-12T14:31:18.186900+00:00,browser-based scroll-exhaustion collection of observable public posts,30,048_ups
48,UPS,@ups,@ups,https://x.com/ups,primary,1,2052806200639574256,Fri May 08 17:41:52 +0000 2026,"A little something for every taste: sweet, savory and beautifully made – rooted in tradition and crafted with purpose.

Meet three small businesses to know now 👇

Learn more about how we deliver for @xianfoods, Rose's Pineapple Shorts, and Gylded Jewels: https://t.co/pjXtAP6Dz4 https://t.co/jHCesCuzjp",https://x.com/ups/status/2052806200639574256,18,3,14,0,true,false,,2026-06-12T14:31:18.186900+00:00,browser-based scroll-exhaustion collection of observable public posts,30,048_ups
48,UPS,@ups,@ups,https://x.com/ups,primary,1,2052063571517882442,Wed May 06 16:30:55 +0000 2026,"Nash 🐶 runs a tight ship
https://t.co/tlrsdsioxZ",https://x.com/ups/status/2052063571517882442,27,0,9,1,true,false,,2026-06-12T14:31:18.186900+00:00,browser-based scroll-exhaustion collection of observable public posts,30,048_ups
48,UPS,@ups,@ups,https://x.com/ups,primary,1,2051778884689957110,Tue May 05 21:39:40 +0000 2026,👏👏👏,https://x.com/ups/status/2051778884689957110,8,0,12,0,true,false,,2026-06-12T14:31:18.186900+00:00,browser-based scroll-exhaustion collection of observable public posts,30,048_ups
48,UPS,@ups,@ups,https://x.com/ups,primary,1,2051762416896070059,Tue May 05 20:34:14 +0000 2026,"Our very own James ""Big Brown"" Joseph continues his legacy of giving back to the community. The State of Louisiana awarded James with a 2026 Champion of Volunteerism award.

Back in 2017, James won the UPS Jim Casey Service Award for his outstanding service during Hurricane Katrina relief efforts. Let's show some love for ""Big Brown"" in the comments! ⭐👏

Full story: https://t.co/lfaHCPFFM3",https://x.com/ups/status/2051762416896070059,1,1,8,1,true,false,,2026-06-12T14:31:18.186900+00:00,browser-based scroll-exhaustion collection of observable public posts,30,048_ups
48,UPS,@ups,@ups,https://x.com/ups,primary,1,2051478236983447638,Tue May 05 01:45:00 +0000 2026,"Anon, please! If we’re honest, this was our favorite look of the night 🫢😉#metgala https://t.co/bLllh7VJjv",https://x.com/ups/status/2051478236983447638,12,0,12,2,true,false,,2026-06-12T14:31:18.186900+00:00,browser-based scroll-exhaustion collection of observable public posts,30,048_ups
48,UPS,@ups,@ups,https://x.com/ups,primary,1,2051322712203649249,Mon May 04 15:27:00 +0000 2026,"Pick your number. 
Pick the perfect gift for mom. 
Along with @Shippo, we’ve rounded up 7 SMBs with gift ideas mom will love. 
Read the guide → https://t.co/n9kv7iMOkJ https://t.co/JsAc2SH04d",https://x.com/ups/status/2051322712203649249,10,0,9,1,true,false,,2026-06-12T14:31:18.186900+00:00,browser-based scroll-exhaustion collection of observable public posts,30,048_ups
48,UPS,@ups,@ups,https://x.com/ups,primary,1,2050943964023300298,Sun May 03 14:22:00 +0000 2026,"Delivered, y'all. #UPSOfficeViews 📍Texas
📸 Cassie McClain https://t.co/PUIP0BQXht",https://x.com/ups/status/2050943964023300298,13,4,25,0,true,false,,2026-06-12T14:31:18.186900+00:00,browser-based scroll-exhaustion collection of observable public posts,30,048_ups
48,UPS,@ups,@ups,https://x.com/ups,primary,1,2049573723083001861,Wed Apr 29 19:37:09 +0000 2026,"RT @YahooFinance: “We’re almost through this glide down process,” UPS CFO Brian Dykes says. “We’re looking forward to getting back to growt…",https://x.com/ups/status/2049573723083001861,0,6,0,0,false,false,,2026-06-12T14:31:18.186900+00:00,browser-based scroll-exhaustion collection of observable public posts,30,048_ups
48,UPS,@ups,@ups,https://x.com/ups,primary,1,2049150532183273528,Tue Apr 28 15:35:32 +0000 2026,"“We’re almost through this glide down process,” UPS CFO Brian Dykes says. “We’re looking forward to getting back to growth.” https://t.co/8ggOsDEDLN",https://x.com/ups/status/2049150532183273528,21,6,33,1,true,false,,2026-06-12T14:31:18.186900+00:00,browser-based scroll-exhaustion collection of observable public posts,30,048_ups
48,UPS,@ups,@ups,https://x.com/ups,primary,1,2049121109170102719,Tue Apr 28 13:38:37 +0000 2026,RT @UPS_News: UPS Releases 1Q 2026 Earnings https://t.co/DThAkR1DnW,https://x.com/ups/status/2049121109170102719,0,1,0,0,true,false,,2026-06-12T14:31:18.186900+00:00,browser-based scroll-exhaustion collection of observable public posts,30,048_ups
