model,term,coefficient,std_error,t_statistic,p_value,stars,n,r_squared,adj_r_squared,df_residual
Human_coded_CD,intercept,5.320491,0.216535,24.571,0.0,***,3574,0.746067,0.73868,3472
Human_coded_CD,aggressive,0.648415,0.119904,5.4078,0.0,***,3574,0.746067,0.73868,3472
Human_coded_CD,affiliative,0.225925,0.068645,3.2912,0.001008,***,3574,0.746067,0.73868,3472
Human_coded_CD,self_enhancing,0.178752,0.078018,2.2911,0.022014,**,3574,0.746067,0.73868,3472
Human_coded_CD,self_defeating,0.732612,0.209639,3.4946,0.000481,***,3574,0.746067,0.73868,3472
Human_coded_CD,company_2,-0.988736,0.306739,-3.2234,0.001279,***,3574,0.746067,0.73868,3472
Human_coded_CD,company_3,-2.355956,0.639682,-3.683,0.000234,***,3574,0.746067,0.73868,3472
Human_coded_CD,company_4,1.336208,0.352592,3.7897,0.000153,***,3574,0.746067,0.73868,3472
Human_coded_CD,company_5,-2.950843,0.409212,-7.211,0.0,***,3574,0.746067,0.73868,3472
Human_coded_CD,company_6,-3.460397,0.39428,-8.7765,0.0,***,3574,0.746067,0.73868,3472
Human_coded_CD,company_7,-0.909726,0.36537,-2.4899,0.012825,**,3574,0.746067,0.73868,3472
Human_coded_CD,company_8,-4.004297,0.427301,-9.3711,0.0,***,3574,0.746067,0.73868,3472
Human_coded_CD,company_9,1.400453,0.313302,4.47,8e-06,***,3574,0.746067,0.73868,3472
Human_coded_CD,company_10,-1.277016,0.324377,-3.9368,8.4e-05,***,3574,0.746067,0.73868,3472
Human_coded_CD,company_11,-3.969829,0.348695,-11.3848,0.0,***,3574,0.746067,0.73868,3472
Human_coded_CD,company_12,-3.254736,0.427334,-7.6164,0.0,***,3574,0.746067,0.73868,3472
Human_coded_CD,company_13,0.549812,0.309544,1.7762,0.075788,*,3574,0.746067,0.73868,3472
Human_coded_CD,company_14,0.734089,0.449128,1.6345,0.102249,,3574,0.746067,0.73868,3472
Human_coded_CD,company_15,-3.200012,0.348901,-9.1717,0.0,***,3574,0.746067,0.73868,3472
Human_coded_CD,company_16,-3.504665,0.387591,-9.0422,0.0,***,3574,0.746067,0.73868,3472
Human_coded_CD,company_17,-1.710852,0.302891,-5.6484,0.0,***,3574,0.746067,0.73868,3472
Human_coded_CD,company_18,-1.581646,0.341548,-4.6308,4e-06,***,3574,0.746067,0.73868,3472
Human_coded_CD,company_19,0.305444,0.319875,0.9549,0.339702,,3574,0.746067,0.73868,3472
Human_coded_CD,company_20,-0.53191,0.375432,-1.4168,0.156633,,3574,0.746067,0.73868,3472
Human_coded_CD,company_21,-2.547243,0.449232,-5.6702,0.0,***,3574,0.746067,0.73868,3472
Human_coded_CD,company_22,-4.814105,0.261397,-18.4168,0.0,***,3574,0.746067,0.73868,3472
Human_coded_CD,company_23,-3.172638,0.462866,-6.8543,0.0,***,3574,0.746067,0.73868,3472
Human_coded_CD,company_24,-1.955977,0.315771,-6.1943,0.0,***,3574,0.746067,0.73868,3472
Human_coded_CD,company_25,2.604576,0.878695,2.9641,0.003056,***,3574,0.746067,0.73868,3472
Human_coded_CD,company_26,-3.451666,0.344861,-10.0089,0.0,***,3574,0.746067,0.73868,3472
Human_coded_CD,company_27,-3.499404,0.462344,-7.5688,0.0,***,3574,0.746067,0.73868,3472
Human_coded_CD,company_28,-4.721041,0.319951,-14.7555,0.0,***,3574,0.746067,0.73868,3472
Human_coded_CD,company_29,-1.65849,0.494561,-3.3535,0.000807,***,3574,0.746067,0.73868,3472
Human_coded_CD,company_30,-3.114054,0.494645,-6.2955,0.0,***,3574,0.746067,0.73868,3472
Human_coded_CD,company_31,-4.022742,0.321942,-12.4953,0.0,***,3574,0.746067,0.73868,3472
Human_coded_CD,company_32,-0.593121,0.307865,-1.9266,0.054116,*,3574,0.746067,0.73868,3472
Human_coded_CD,company_33,-1.364021,0.332951,-4.0968,4.3e-05,***,3574,0.746067,0.73868,3472
Human_coded_CD,company_34,-0.776214,0.295733,-2.6247,0.00871,***,3574,0.746067,0.73868,3472
Human_coded_CD,company_35,-1.864475,0.477415,-3.9054,9.6e-05,***,3574,0.746067,0.73868,3472
Human_coded_CD,company_36,-1.674007,0.308172,-5.432,0.0,***,3574,0.746067,0.73868,3472
Human_coded_CD,company_37,-3.048567,0.768404,-3.9674,7.4e-05,***,3574,0.746067,0.73868,3472
Human_coded_CD,company_38,-1.206893,0.357478,-3.3761,0.000743,***,3574,0.746067,0.73868,3472
Human_coded_CD,company_39,2.210512,0.311099,7.1055,0.0,***,3574,0.746067,0.73868,3472
Human_coded_CD,company_40,3.282509,0.26687,12.3001,0.0,***,3574,0.746067,0.73868,3472
Human_coded_CD,company_41,2.663907,0.26145,10.189,0.0,***,3574,0.746067,0.73868,3472
Human_coded_CD,company_42,-2.091001,0.335553,-6.2315,0.0,***,3574,0.746067,0.73868,3472
Human_coded_CD,company_43,-1.956728,0.341312,-5.733,0.0,***,3574,0.746067,0.73868,3472
Human_coded_CD,company_44,0.445671,0.335123,1.3299,0.183648,,3574,0.746067,0.73868,3472
Human_coded_CD,company_45,-1.233249,0.537055,-2.2963,0.021717,**,3574,0.746067,0.73868,3472
Human_coded_CD,company_46,-1.488164,0.370353,-4.0182,6e-05,***,3574,0.746067,0.73868,3472
Human_coded_CD,company_47,-1.086542,0.33828,-3.212,0.00133,***,3574,0.746067,0.73868,3472
Human_coded_CD,company_48,-1.53615,0.463574,-3.3137,0.00093,***,3574,0.746067,0.73868,3472
Human_coded_CD,company_49,-1.621553,0.341557,-4.7475,2e-06,***,3574,0.746067,0.73868,3472
Human_coded_CD,company_50,-3.688165,0.341463,-10.8011,0.0,***,3574,0.746067,0.73868,3472
Human_coded_CD,company_51,-2.608984,0.4624,-5.6423,0.0,***,3574,0.746067,0.73868,3472
Human_coded_CD,company_52,-3.59428,0.344732,-10.4263,0.0,***,3574,0.746067,0.73868,3472
Human_coded_CD,company_53,-1.75899,0.360593,-4.878,1e-06,***,3574,0.746067,0.73868,3472
Human_coded_CD,company_54,-2.991618,0.324603,-9.2162,0.0,***,3574,0.746067,0.73868,3472
Human_coded_CD,company_55,-2.947913,0.32692,-9.0172,0.0,***,3574,0.746067,0.73868,3472
Human_coded_CD,company_56,-3.571541,0.327123,-10.918,0.0,***,3574,0.746067,0.73868,3472
Human_coded_CD,company_57,-3.743626,0.356549,-10.4996,0.0,***,3574,0.746067,0.73868,3472
Human_coded_CD,company_58,1.395742,0.317489,4.3962,1.1e-05,***,3574,0.746067,0.73868,3472
Human_coded_CD,company_59,-3.156061,0.381265,-8.2779,0.0,***,3574,0.746067,0.73868,3472
Human_coded_CD,company_60,-0.187029,0.417666,-0.4478,0.65433,,3574,0.746067,0.73868,3472
Human_coded_CD,company_61,-2.660988,0.401094,-6.6343,0.0,***,3574,0.746067,0.73868,3472
Human_coded_CD,company_62,-2.051679,0.352288,-5.8239,0.0,***,3574,0.746067,0.73868,3472
Human_coded_CD,company_63,-0.898723,0.360553,-2.4926,0.012726,**,3574,0.746067,0.73868,3472
Human_coded_CD,company_64,-2.171269,0.38793,-5.5971,0.0,***,3574,0.746067,0.73868,3472
Human_coded_CD,company_65,-1.403729,0.427334,-3.2849,0.00103,***,3574,0.746067,0.73868,3472
Human_coded_CD,company_66,-1.470758,0.294774,-4.9894,1e-06,***,3574,0.746067,0.73868,3472
Human_coded_CD,company_67,-2.523947,0.597775,-4.2222,2.5e-05,***,3574,0.746067,0.73868,3472
Human_coded_CD,company_68,0.611918,0.319644,1.9144,0.055655,*,3574,0.746067,0.73868,3472
Human_coded_CD,company_69,-1.080878,0.304868,-3.5454,0.000397,***,3574,0.746067,0.73868,3472
Human_coded_CD,company_70,-0.849061,0.477196,-1.7793,0.075283,*,3574,0.746067,0.73868,3472
Human_coded_CD,company_71,-4.310912,0.393931,-10.9433,0.0,***,3574,0.746067,0.73868,3472
Human_coded_CD,company_72,-3.129775,0.361211,-8.6647,0.0,***,3574,0.746067,0.73868,3472
Human_coded_CD,company_73,-2.659509,0.694036,-3.8319,0.000129,***,3574,0.746067,0.73868,3472
Human_coded_CD,company_74,-4.161593,0.303568,-13.7089,0.0,***,3574,0.746067,0.73868,3472
Human_coded_CD,company_75,-1.898293,0.332292,-5.7127,0.0,***,3574,0.746067,0.73868,3472
Human_coded_CD,company_76,-4.397548,0.301566,-14.5824,0.0,***,3574,0.746067,0.73868,3472
Human_coded_CD,company_77,-3.654388,1.065229,-3.4306,0.000609,***,3574,0.746067,0.73868,3472
Human_coded_CD,company_78,1.502458,0.3821,3.9321,8.6e-05,***,3574,0.746067,0.73868,3472
Human_coded_CD,company_79,-0.482771,0.365291,-1.3216,0.186386,,3574,0.746067,0.73868,3472
Human_coded_CD,company_80,-2.461842,0.352397,-6.986,0.0,***,3574,0.746067,0.73868,3472
Human_coded_CD,company_81,-0.123193,0.387223,-0.3181,0.750394,,3574,0.746067,0.73868,3472
Human_coded_CD,company_82,-3.36285,0.449289,-7.4848,0.0,***,3574,0.746067,0.73868,3472
Human_coded_CD,company_83,0.158161,0.477848,0.331,0.740675,,3574,0.746067,0.73868,3472
Human_coded_CD,company_84,-2.795267,0.317474,-8.8047,0.0,***,3574,0.746067,0.73868,3472
Human_coded_CD,company_85,0.343671,0.494627,0.6948,0.487222,,3574,0.746067,0.73868,3472
Human_coded_CD,company_86,-5.404189,0.263548,-20.5055,0.0,***,3574,0.746067,0.73868,3472
Human_coded_CD,company_87,-4.572536,0.285409,-16.021,0.0,***,3574,0.746067,0.73868,3472
Human_coded_CD,company_88,-3.488971,0.290727,-12.0008,0.0,***,3574,0.746067,0.73868,3472
Human_coded_CD,company_89,-0.015867,0.311519,-0.0509,0.959381,,3574,0.746067,0.73868,3472
Human_coded_CD,company_90,-0.166389,0.292019,-0.5698,0.568859,,3574,0.746067,0.73868,3472
Human_coded_CD,company_91,-3.102348,0.536919,-5.7781,0.0,***,3574,0.746067,0.73868,3472
Human_coded_CD,company_92,-2.641633,0.348397,-7.5822,0.0,***,3574,0.746067,0.73868,3472
Human_coded_CD,company_93,-3.611633,0.348593,-10.3606,0.0,***,3574,0.746067,0.73868,3472
Human_coded_CD,company_94,-2.933204,0.335587,-8.7405,0.0,***,3574,0.746067,0.73868,3472
Human_coded_CD,company_95,0.354183,0.514635,0.6882,0.491359,,3574,0.746067,0.73868,3472
Human_coded_CD,company_96,2.752853,0.394093,6.9853,0.0,***,3574,0.746067,0.73868,3472
Human_coded_CD,company_97,-3.804905,0.307956,-12.3553,0.0,***,3574,0.746067,0.73868,3472
Human_coded_CD,company_98,2.032782,0.224307,9.0625,0.0,***,3574,0.746067,0.73868,3472
