seed,class_weight,threshold,precision,recall,f1,meets_primary,meets_secondary
0,None,0.2,0.5,1.0,0.6667,no,yes
0,None,0.3,0.5,1.0,0.6667,no,yes
0,None,0.4,0.5,1.0,0.6667,no,yes
0,None,0.5,0.7623,0.6691,0.7126,yes,yes
0,None,0.6,0.0,0.0,0.0,no,no
0,None,0.7,0.0,0.0,0.0,no,no
0,None,0.8,0.0,0.0,0.0,no,no
0,balanced,0.2,0.5,1.0,0.6667,no,yes
0,balanced,0.3,0.5,1.0,0.6667,no,yes
0,balanced,0.4,0.5,1.0,0.6667,no,yes
0,balanced,0.5,0.7642,0.6763,0.7176,yes,yes
0,balanced,0.6,0.0,0.0,0.0,no,no
0,balanced,0.7,0.0,0.0,0.0,no,no
0,balanced,0.8,0.0,0.0,0.0,no,no
1,None,0.2,0.5,1.0,0.6667,no,yes
1,None,0.3,0.5,1.0,0.6667,no,yes
1,None,0.4,0.5,1.0,0.6667,no,yes
1,None,0.5,0.7581,0.6763,0.7148,yes,yes
1,None,0.6,0.0,0.0,0.0,no,no
1,None,0.7,0.0,0.0,0.0,no,no
1,None,0.8,0.0,0.0,0.0,no,no
1,balanced,0.2,0.5,1.0,0.6667,no,yes
1,balanced,0.3,0.5,1.0,0.6667,no,yes
1,balanced,0.4,0.5,1.0,0.6667,no,yes
1,balanced,0.5,0.7623,0.6691,0.7126,yes,yes
1,balanced,0.6,0.0,0.0,0.0,no,no
1,balanced,0.7,0.0,0.0,0.0,no,no
1,balanced,0.8,0.0,0.0,0.0,no,no
2,None,0.2,0.5,1.0,0.6667,no,yes
2,None,0.3,0.5,1.0,0.6667,no,yes
2,None,0.4,0.5,1.0,0.6667,no,yes
2,None,0.5,0.7131,0.6259,0.6667,yes,yes
2,None,0.6,0.0,0.0,0.0,no,no
2,None,0.7,0.0,0.0,0.0,no,no
2,None,0.8,0.0,0.0,0.0,no,no
2,balanced,0.2,0.5,1.0,0.6667,no,yes
2,balanced,0.3,0.5,1.0,0.6667,no,yes
2,balanced,0.4,0.5,1.0,0.6667,no,yes
2,balanced,0.5,0.7131,0.6259,0.6667,yes,yes
2,balanced,0.6,0.0,0.0,0.0,no,no
2,balanced,0.7,0.0,0.0,0.0,no,no
2,balanced,0.8,0.0,0.0,0.0,no,no
3,None,0.2,0.5,1.0,0.6667,no,yes
3,None,0.3,0.5,1.0,0.6667,no,yes
3,None,0.4,0.5,1.0,0.6667,no,yes
3,None,0.5,0.728,0.6547,0.6894,yes,yes
3,None,0.6,0.0,0.0,0.0,no,no
3,None,0.7,0.0,0.0,0.0,no,no
3,None,0.8,0.0,0.0,0.0,no,no
3,balanced,0.2,0.5,1.0,0.6667,no,yes
3,balanced,0.3,0.5,1.0,0.6667,no,yes
3,balanced,0.4,0.5,1.0,0.6667,no,yes
3,balanced,0.5,0.7258,0.6475,0.6844,yes,yes
3,balanced,0.6,0.0,0.0,0.0,no,no
3,balanced,0.7,0.0,0.0,0.0,no,no
3,balanced,0.8,0.0,0.0,0.0,no,no
4,None,0.2,0.5,1.0,0.6667,no,yes
4,None,0.3,0.5,1.0,0.6667,no,yes
4,None,0.4,0.5,1.0,0.6667,no,yes
4,None,0.5,0.7744,0.741,0.7574,yes,yes
4,None,0.6,0.0,0.0,0.0,no,no
4,None,0.7,0.0,0.0,0.0,no,no
4,None,0.8,0.0,0.0,0.0,no,no
4,balanced,0.2,0.5,1.0,0.6667,no,yes
4,balanced,0.3,0.5,1.0,0.6667,no,yes
4,balanced,0.4,0.5,1.0,0.6667,no,yes
4,balanced,0.5,0.7727,0.7338,0.7528,yes,yes
4,balanced,0.6,0.0,0.0,0.0,no,no
4,balanced,0.7,0.0,0.0,0.0,no,no
4,balanced,0.8,0.0,0.0,0.0,no,no
5,None,0.2,0.5,1.0,0.6667,no,yes
5,None,0.3,0.5,1.0,0.6667,no,yes
5,None,0.4,0.5,1.0,0.6667,no,yes
5,None,0.5,0.7203,0.6115,0.6615,yes,yes
5,None,0.6,0.0,0.0,0.0,no,no
5,None,0.7,0.0,0.0,0.0,no,no
5,None,0.8,0.0,0.0,0.0,no,no
5,balanced,0.2,0.5,1.0,0.6667,no,yes
5,balanced,0.3,0.5,1.0,0.6667,no,yes
5,balanced,0.4,0.5,1.0,0.6667,no,yes
5,balanced,0.5,0.7311,0.6259,0.6744,yes,yes
5,balanced,0.6,0.0,0.0,0.0,no,no
5,balanced,0.7,0.0,0.0,0.0,no,no
5,balanced,0.8,0.0,0.0,0.0,no,no
6,None,0.2,0.5,1.0,0.6667,no,yes
6,None,0.3,0.5,1.0,0.6667,no,yes
6,None,0.4,0.5,1.0,0.6667,no,yes
6,None,0.5,0.7917,0.6835,0.7336,yes,yes
6,None,0.6,0.0,0.0,0.0,no,no
6,None,0.7,0.0,0.0,0.0,no,no
6,None,0.8,0.0,0.0,0.0,no,no
6,balanced,0.2,0.5,1.0,0.6667,no,yes
6,balanced,0.3,0.5,1.0,0.6667,no,yes
6,balanced,0.4,0.5,1.0,0.6667,no,yes
6,balanced,0.5,0.7899,0.6763,0.7287,yes,yes
6,balanced,0.6,0.0,0.0,0.0,no,no
6,balanced,0.7,0.0,0.0,0.0,no,no
6,balanced,0.8,0.0,0.0,0.0,no,no
7,None,0.2,0.5,1.0,0.6667,no,yes
7,None,0.3,0.5,1.0,0.6667,no,yes
7,None,0.4,0.5,1.0,0.6667,no,yes
7,None,0.5,0.6855,0.6115,0.6464,yes,yes
7,None,0.6,0.0,0.0,0.0,no,no
7,None,0.7,0.0,0.0,0.0,no,no
7,None,0.8,0.0,0.0,0.0,no,no
7,balanced,0.2,0.5,1.0,0.6667,no,yes
7,balanced,0.3,0.5,1.0,0.6667,no,yes
7,balanced,0.4,0.5,1.0,0.6667,no,yes
7,balanced,0.5,0.688,0.6187,0.6515,yes,yes
7,balanced,0.6,0.0,0.0,0.0,no,no
7,balanced,0.7,0.0,0.0,0.0,no,no
7,balanced,0.8,0.0,0.0,0.0,no,no
8,None,0.2,0.5,1.0,0.6667,no,yes
8,None,0.3,0.5,1.0,0.6667,no,yes
8,None,0.4,0.5,1.0,0.6667,no,yes
8,None,0.5,0.7273,0.6331,0.6769,yes,yes
8,None,0.6,0.0,0.0,0.0,no,no
8,None,0.7,0.0,0.0,0.0,no,no
8,None,0.8,0.0,0.0,0.0,no,no
8,balanced,0.2,0.5,1.0,0.6667,no,yes
8,balanced,0.3,0.5,1.0,0.6667,no,yes
8,balanced,0.4,0.5,1.0,0.6667,no,yes
8,balanced,0.5,0.7417,0.6403,0.6873,yes,yes
8,balanced,0.6,0.0,0.0,0.0,no,no
8,balanced,0.7,0.0,0.0,0.0,no,no
8,balanced,0.8,0.0,0.0,0.0,no,no
9,None,0.2,0.5,1.0,0.6667,no,yes
9,None,0.3,0.5,1.0,0.6667,no,yes
9,None,0.4,0.5,1.0,0.6667,no,yes
9,None,0.5,0.7541,0.6619,0.705,yes,yes
9,None,0.6,0.0,0.0,0.0,no,no
9,None,0.7,0.0,0.0,0.0,no,no
9,None,0.8,0.0,0.0,0.0,no,no
9,balanced,0.2,0.5,1.0,0.6667,no,yes
9,balanced,0.3,0.5,1.0,0.6667,no,yes
9,balanced,0.4,0.5,1.0,0.6667,no,yes
9,balanced,0.5,0.7521,0.6547,0.7,yes,yes
9,balanced,0.6,0.0,0.0,0.0,no,no
9,balanced,0.7,0.0,0.0,0.0,no,no
9,balanced,0.8,0.0,0.0,0.0,no,no
10,None,0.2,0.5,1.0,0.6667,no,yes
10,None,0.3,0.5,1.0,0.6667,no,yes
10,None,0.4,0.5,1.0,0.6667,no,yes
10,None,0.5,0.7563,0.6475,0.6977,yes,yes
10,None,0.6,0.0,0.0,0.0,no,no
10,None,0.7,0.0,0.0,0.0,no,no
10,None,0.8,0.0,0.0,0.0,no,no
10,balanced,0.2,0.5,1.0,0.6667,no,yes
10,balanced,0.3,0.5,1.0,0.6667,no,yes
10,balanced,0.4,0.5,1.0,0.6667,no,yes
10,balanced,0.5,0.7479,0.6403,0.6899,yes,yes
10,balanced,0.6,0.0,0.0,0.0,no,no
10,balanced,0.7,0.0,0.0,0.0,no,no
10,balanced,0.8,0.0,0.0,0.0,no,no
11,None,0.2,0.5,1.0,0.6667,no,yes
11,None,0.3,0.5,1.0,0.6667,no,yes
11,None,0.4,0.5,1.0,0.6667,no,yes
11,None,0.5,0.75,0.6691,0.7072,yes,yes
11,None,0.6,0.0,0.0,0.0,no,no
11,None,0.7,0.0,0.0,0.0,no,no
11,None,0.8,0.0,0.0,0.0,no,no
11,balanced,0.2,0.5,1.0,0.6667,no,yes
11,balanced,0.3,0.5,1.0,0.6667,no,yes
11,balanced,0.4,0.5,1.0,0.6667,no,yes
11,balanced,0.5,0.7561,0.6691,0.7099,yes,yes
11,balanced,0.6,0.0,0.0,0.0,no,no
11,balanced,0.7,0.0,0.0,0.0,no,no
11,balanced,0.8,0.0,0.0,0.0,no,no
12,None,0.2,0.5,1.0,0.6667,no,yes
12,None,0.3,0.5,1.0,0.6667,no,yes
12,None,0.4,0.5,1.0,0.6667,no,yes
12,None,0.5,0.7097,0.6331,0.6692,yes,yes
12,None,0.6,0.0,0.0,0.0,no,no
12,None,0.7,0.0,0.0,0.0,no,no
12,None,0.8,0.0,0.0,0.0,no,no
12,balanced,0.2,0.5,1.0,0.6667,no,yes
12,balanced,0.3,0.5,1.0,0.6667,no,yes
12,balanced,0.4,0.5,1.0,0.6667,no,yes
12,balanced,0.5,0.696,0.6259,0.6591,yes,yes
12,balanced,0.6,0.0,0.0,0.0,no,no
12,balanced,0.7,0.0,0.0,0.0,no,no
12,balanced,0.8,0.0,0.0,0.0,no,no
13,None,0.2,0.5,1.0,0.6667,no,yes
13,None,0.3,0.5,1.0,0.6667,no,yes
13,None,0.4,0.5,1.0,0.6667,no,yes
13,None,0.5,0.7658,0.6115,0.68,yes,yes
13,None,0.6,0.0,0.0,0.0,no,no
13,None,0.7,0.0,0.0,0.0,no,no
13,None,0.8,0.0,0.0,0.0,no,no
13,balanced,0.2,0.5,1.0,0.6667,no,yes
13,balanced,0.3,0.5,1.0,0.6667,no,yes
13,balanced,0.4,0.5,1.0,0.6667,no,yes
13,balanced,0.5,0.7611,0.6187,0.6825,yes,yes
13,balanced,0.6,0.0,0.0,0.0,no,no
13,balanced,0.7,0.0,0.0,0.0,no,no
13,balanced,0.8,0.0,0.0,0.0,no,no
14,None,0.2,0.5,1.0,0.6667,no,yes
14,None,0.3,0.5,1.0,0.6667,no,yes
14,None,0.4,0.5,1.0,0.6667,no,yes
14,None,0.5,0.7167,0.6187,0.6641,yes,yes
14,None,0.6,0.0,0.0,0.0,no,no
14,None,0.7,0.0,0.0,0.0,no,no
14,None,0.8,0.0,0.0,0.0,no,no
14,balanced,0.2,0.5,1.0,0.6667,no,yes
14,balanced,0.3,0.5,1.0,0.6667,no,yes
14,balanced,0.4,0.5,1.0,0.6667,no,yes
14,balanced,0.5,0.7311,0.6259,0.6744,yes,yes
14,balanced,0.6,0.0,0.0,0.0,no,no
14,balanced,0.7,0.0,0.0,0.0,no,no
14,balanced,0.8,0.0,0.0,0.0,no,no
15,None,0.2,0.5,1.0,0.6667,no,yes
15,None,0.3,0.5,1.0,0.6667,no,yes
15,None,0.4,0.5,1.0,0.6667,no,yes
15,None,0.5,0.7377,0.6475,0.6897,yes,yes
15,None,0.6,0.0,0.0,0.0,no,no
15,None,0.7,0.0,0.0,0.0,no,no
15,None,0.8,0.0,0.0,0.0,no,no
15,balanced,0.2,0.5,1.0,0.6667,no,yes
15,balanced,0.3,0.5,1.0,0.6667,no,yes
15,balanced,0.4,0.5,1.0,0.6667,no,yes
15,balanced,0.5,0.75,0.6475,0.695,yes,yes
15,balanced,0.6,0.0,0.0,0.0,no,no
15,balanced,0.7,0.0,0.0,0.0,no,no
15,balanced,0.8,0.0,0.0,0.0,no,no
16,None,0.2,0.5,1.0,0.6667,no,yes
16,None,0.3,0.5,1.0,0.6667,no,yes
16,None,0.4,0.5,1.0,0.6667,no,yes
16,None,0.5,0.7724,0.6835,0.7252,yes,yes
16,None,0.6,0.0,0.0,0.0,no,no
16,None,0.7,0.0,0.0,0.0,no,no
16,None,0.8,0.0,0.0,0.0,no,no
16,balanced,0.2,0.5,1.0,0.6667,no,yes
16,balanced,0.3,0.5,1.0,0.6667,no,yes
16,balanced,0.4,0.5,1.0,0.6667,no,yes
16,balanced,0.5,0.7742,0.6906,0.73,yes,yes
16,balanced,0.6,0.0,0.0,0.0,no,no
16,balanced,0.7,0.0,0.0,0.0,no,no
16,balanced,0.8,0.0,0.0,0.0,no,no
17,None,0.2,0.5,1.0,0.6667,no,yes
17,None,0.3,0.5,1.0,0.6667,no,yes
17,None,0.4,0.5,1.0,0.6667,no,yes
17,None,0.5,0.7863,0.6619,0.7188,yes,yes
17,None,0.6,0.0,0.0,0.0,no,no
17,None,0.7,0.0,0.0,0.0,no,no
17,None,0.8,0.0,0.0,0.0,no,no
17,balanced,0.2,0.5,1.0,0.6667,no,yes
17,balanced,0.3,0.5,1.0,0.6667,no,yes
17,balanced,0.4,0.5,1.0,0.6667,no,yes
17,balanced,0.5,0.7913,0.6547,0.7165,yes,yes
17,balanced,0.6,0.0,0.0,0.0,no,no
17,balanced,0.7,0.0,0.0,0.0,no,no
17,balanced,0.8,0.0,0.0,0.0,no,no
18,None,0.2,0.5,1.0,0.6667,no,yes
18,None,0.3,0.5,1.0,0.6667,no,yes
18,None,0.4,0.5,1.0,0.6667,no,yes
18,None,0.5,0.7805,0.6906,0.7328,yes,yes
18,None,0.6,0.0,0.0,0.0,no,no
18,None,0.7,0.0,0.0,0.0,no,no
18,None,0.8,0.0,0.0,0.0,no,no
18,balanced,0.2,0.5,1.0,0.6667,no,yes
18,balanced,0.3,0.5,1.0,0.6667,no,yes
18,balanced,0.4,0.5,1.0,0.6667,no,yes
18,balanced,0.5,0.7869,0.6906,0.7356,yes,yes
18,balanced,0.6,0.0,0.0,0.0,no,no
18,balanced,0.7,0.0,0.0,0.0,no,no
18,balanced,0.8,0.0,0.0,0.0,no,no
19,None,0.2,0.5,1.0,0.6667,no,yes
19,None,0.3,0.5,1.0,0.6667,no,yes
19,None,0.4,0.5,1.0,0.6667,no,yes
19,None,0.5,0.7586,0.6331,0.6902,yes,yes
19,None,0.6,0.0,0.0,0.0,no,no
19,None,0.7,0.0,0.0,0.0,no,no
19,None,0.8,0.0,0.0,0.0,no,no
19,balanced,0.2,0.5,1.0,0.6667,no,yes
19,balanced,0.3,0.5,1.0,0.6667,no,yes
19,balanced,0.4,0.5,1.0,0.6667,no,yes
19,balanced,0.5,0.7586,0.6331,0.6902,yes,yes
19,balanced,0.6,0.0,0.0,0.0,no,no
19,balanced,0.7,0.0,0.0,0.0,no,no
19,balanced,0.8,0.0,0.0,0.0,no,no
20,None,0.2,0.5,1.0,0.6667,no,yes
20,None,0.3,0.5,1.0,0.6667,no,yes
20,None,0.4,0.5,1.0,0.6667,no,yes
20,None,0.5,0.6957,0.5755,0.6299,yes,yes
20,None,0.6,0.0,0.0,0.0,no,no
20,None,0.7,0.0,0.0,0.0,no,no
20,None,0.8,0.0,0.0,0.0,no,no
20,balanced,0.2,0.5,1.0,0.6667,no,yes
20,balanced,0.3,0.5,1.0,0.6667,no,yes
20,balanced,0.4,0.5,1.0,0.6667,no,yes
20,balanced,0.5,0.7069,0.5899,0.6431,yes,yes
20,balanced,0.6,0.0,0.0,0.0,no,no
20,balanced,0.7,0.0,0.0,0.0,no,no
20,balanced,0.8,0.0,0.0,0.0,no,no
21,None,0.2,0.5,1.0,0.6667,no,yes
21,None,0.3,0.5,1.0,0.6667,no,yes
21,None,0.4,0.5,1.0,0.6667,no,yes
21,None,0.5,0.7107,0.6187,0.6615,yes,yes
21,None,0.6,0.0,0.0,0.0,no,no
21,None,0.7,0.0,0.0,0.0,no,no
21,None,0.8,0.0,0.0,0.0,no,no
21,balanced,0.2,0.5,1.0,0.6667,no,yes
21,balanced,0.3,0.5,1.0,0.6667,no,yes
21,balanced,0.4,0.5,1.0,0.6667,no,yes
21,balanced,0.5,0.7073,0.6259,0.6641,yes,yes
21,balanced,0.6,0.0,0.0,0.0,no,no
21,balanced,0.7,0.0,0.0,0.0,no,no
21,balanced,0.8,0.0,0.0,0.0,no,no
22,None,0.2,0.5,1.0,0.6667,no,yes
22,None,0.3,0.5,1.0,0.6667,no,yes
22,None,0.4,0.5,1.0,0.6667,no,yes
22,None,0.5,0.752,0.6763,0.7121,yes,yes
22,None,0.6,0.0,0.0,0.0,no,no
22,None,0.7,0.0,0.0,0.0,no,no
22,None,0.8,0.0,0.0,0.0,no,no
22,balanced,0.2,0.5,1.0,0.6667,no,yes
22,balanced,0.3,0.5,1.0,0.6667,no,yes
22,balanced,0.4,0.5,1.0,0.6667,no,yes
22,balanced,0.5,0.754,0.6835,0.717,yes,yes
22,balanced,0.6,0.0,0.0,0.0,no,no
22,balanced,0.7,0.0,0.0,0.0,no,no
22,balanced,0.8,0.0,0.0,0.0,no,no
23,None,0.2,0.5,1.0,0.6667,no,yes
23,None,0.3,0.5,1.0,0.6667,no,yes
23,None,0.4,0.5,1.0,0.6667,no,yes
23,None,0.5,0.7302,0.6619,0.6943,yes,yes
23,None,0.6,0.0,0.0,0.0,no,no
23,None,0.7,0.0,0.0,0.0,no,no
23,None,0.8,0.0,0.0,0.0,no,no
23,balanced,0.2,0.5,1.0,0.6667,no,yes
23,balanced,0.3,0.5,1.0,0.6667,no,yes
23,balanced,0.4,0.5,1.0,0.6667,no,yes
23,balanced,0.5,0.7266,0.6691,0.6966,yes,yes
23,balanced,0.6,0.0,0.0,0.0,no,no
23,balanced,0.7,0.0,0.0,0.0,no,no
23,balanced,0.8,0.0,0.0,0.0,no,no
24,None,0.2,0.5,1.0,0.6667,no,yes
24,None,0.3,0.5,1.0,0.6667,no,yes
24,None,0.4,0.5,1.0,0.6667,no,yes
24,None,0.5,0.7542,0.6403,0.6926,yes,yes
24,None,0.6,0.0,0.0,0.0,no,no
24,None,0.7,0.0,0.0,0.0,no,no
24,None,0.8,0.0,0.0,0.0,no,no
24,balanced,0.2,0.5,1.0,0.6667,no,yes
24,balanced,0.3,0.5,1.0,0.6667,no,yes
24,balanced,0.4,0.5,1.0,0.6667,no,yes
24,balanced,0.5,0.7647,0.6547,0.7054,yes,yes
24,balanced,0.6,0.0,0.0,0.0,no,no
24,balanced,0.7,0.0,0.0,0.0,no,no
24,balanced,0.8,0.0,0.0,0.0,no,no
25,None,0.2,0.5,1.0,0.6667,no,yes
25,None,0.3,0.5,1.0,0.6667,no,yes
25,None,0.4,0.5,1.0,0.6667,no,yes
25,None,0.5,0.7119,0.6043,0.6537,yes,yes
25,None,0.6,0.0,0.0,0.0,no,no
25,None,0.7,0.0,0.0,0.0,no,no
25,None,0.8,0.0,0.0,0.0,no,no
25,balanced,0.2,0.5,1.0,0.6667,no,yes
25,balanced,0.3,0.5,1.0,0.6667,no,yes
25,balanced,0.4,0.5,1.0,0.6667,no,yes
25,balanced,0.5,0.725,0.6259,0.6718,yes,yes
25,balanced,0.6,0.0,0.0,0.0,no,no
25,balanced,0.7,0.0,0.0,0.0,no,no
25,balanced,0.8,0.0,0.0,0.0,no,no
26,None,0.2,0.5,1.0,0.6667,no,yes
26,None,0.3,0.5,1.0,0.6667,no,yes
26,None,0.4,0.5,1.0,0.6667,no,yes
26,None,0.5,0.7656,0.705,0.7341,yes,yes
26,None,0.6,0.0,0.0,0.0,no,no
26,None,0.7,0.0,0.0,0.0,no,no
26,None,0.8,0.0,0.0,0.0,no,no
26,balanced,0.2,0.5,1.0,0.6667,no,yes
26,balanced,0.3,0.5,1.0,0.6667,no,yes
26,balanced,0.4,0.5,1.0,0.6667,no,yes
26,balanced,0.5,0.7638,0.6978,0.7293,yes,yes
26,balanced,0.6,0.0,0.0,0.0,no,no
26,balanced,0.7,0.0,0.0,0.0,no,no
26,balanced,0.8,0.0,0.0,0.0,no,no
27,None,0.2,0.5,1.0,0.6667,no,yes
27,None,0.3,0.5,1.0,0.6667,no,yes
27,None,0.4,0.5,1.0,0.6667,no,yes
27,None,0.5,0.7031,0.6475,0.6742,yes,yes
27,None,0.6,0.0,0.0,0.0,no,no
27,None,0.7,0.0,0.0,0.0,no,no
27,None,0.8,0.0,0.0,0.0,no,no
27,balanced,0.2,0.5,1.0,0.6667,no,yes
27,balanced,0.3,0.5,1.0,0.6667,no,yes
27,balanced,0.4,0.5,1.0,0.6667,no,yes
27,balanced,0.5,0.7031,0.6475,0.6742,yes,yes
27,balanced,0.6,0.0,0.0,0.0,no,no
27,balanced,0.7,0.0,0.0,0.0,no,no
27,balanced,0.8,0.0,0.0,0.0,no,no
28,None,0.2,0.5,1.0,0.6667,no,yes
28,None,0.3,0.5,1.0,0.6667,no,yes
28,None,0.4,0.5,1.0,0.6667,no,yes
28,None,0.5,0.7627,0.6475,0.7004,yes,yes
28,None,0.6,0.0,0.0,0.0,no,no
28,None,0.7,0.0,0.0,0.0,no,no
28,None,0.8,0.0,0.0,0.0,no,no
28,balanced,0.2,0.5,1.0,0.6667,no,yes
28,balanced,0.3,0.5,1.0,0.6667,no,yes
28,balanced,0.4,0.5,1.0,0.6667,no,yes
28,balanced,0.5,0.75,0.6475,0.695,yes,yes
28,balanced,0.6,0.0,0.0,0.0,no,no
28,balanced,0.7,0.0,0.0,0.0,no,no
28,balanced,0.8,0.0,0.0,0.0,no,no
29,None,0.2,0.5,1.0,0.6667,no,yes
29,None,0.3,0.5,1.0,0.6667,no,yes
29,None,0.4,0.5,1.0,0.6667,no,yes
29,None,0.5,0.7563,0.6475,0.6977,yes,yes
29,None,0.6,0.0,0.0,0.0,no,no
29,None,0.7,0.0,0.0,0.0,no,no
29,None,0.8,0.0,0.0,0.0,no,no
29,balanced,0.2,0.5,1.0,0.6667,no,yes
29,balanced,0.3,0.5,1.0,0.6667,no,yes
29,balanced,0.4,0.5,1.0,0.6667,no,yes
29,balanced,0.5,0.75,0.6475,0.695,yes,yes
29,balanced,0.6,0.0,0.0,0.0,no,no
29,balanced,0.7,0.0,0.0,0.0,no,no
29,balanced,0.8,0.0,0.0,0.0,no,no
