"id","tweet_url","text","human_humor_binary","oof_p_humor","oof_pred_humor","error_type","human_humor_label","human_type"
"2065192194277818396","https://x.com/Wendys/status/2065192194277818396","if u dress up i will love u forever. Come experience the most bananas drive-thru ever. https://t.co/FDvzC4JTr1","1","0.564921","1","true_positive","humor",""
"2064726596179706275","https://x.com/Wendys/status/2064726596179706275","Her: Gimme 10
Me: minutes or nuggets?","1","0.551611","1","true_positive","humor",""
"2064504139749417369","https://x.com/Wendys/status/2064504139749417369","What does one wear to meet a minion","0","0.507710","1","false_positive","non_humor",""
"2063002561263640786","https://x.com/Wendys/status/2063002561263640786","The KPIs, ROIs, and LOLs are about to go off the charts.
Congratulations to our NEW Chief Tasting Officer Amber Luster 🎉🎉🎉 We can’t wait to see all the incredible things you do with your title. 

And thank you to all our fans who submitted an application❤️ https://t.co/WxU0LzL72Z","0","0.574604","1","false_positive","non_humor",""
"2061565494453555359","https://x.com/Wendys/status/2061565494453555359","Came for a Frosty, stayed for the door to the backrooms https://t.co/0BMCyHc7XK","1","0.426781","0","false_negative","humor",""
"2060433958609813857","https://x.com/Wendys/status/2060433958609813857","Y’all nearly crashed the system with all your applications, but we’ve finally made our top selections. Stay tuned for an announcement coming real soon 👀👀👀 https://t.co/f6wqnO0yeF","1","0.477984","0","false_negative","humor",""
"2060405944735957384","https://x.com/Wendys/status/2060405944735957384","rich asf craving the new Ice Spicy Meal on DoorDash https://t.co/kVe28gJjYt","1","0.413463","0","false_negative","humor",""
"2060393163458498982","https://x.com/Wendys/status/2060393163458498982","28 and 10? Fine. Free FRENCH fries in the app with $5 purchase for everybody (including aliens 👽)","1","0.493627","0","false_negative","humor",""
"2059700189909111001","https://x.com/Wendys/status/2059700189909111001","Big star energy. Pocket-sized legends. https://t.co/oNQdB0s9Mn","1","0.462385","0","false_negative","humor",""
"2059459943040753916","https://x.com/Wendys/status/2059459943040753916","It’s giving fan behavior but I’m a fan of me too, so I get it! https://t.co/ecpi4sU0kz","1","0.594512","1","true_positive","humor",""
"2059351523583311924","https://x.com/Wendys/status/2059351523583311924","Be there. Seaport Square.","0","0.518438","1","false_positive","non_humor",""
"2057593602490970314","https://x.com/Wendys/status/2057593602490970314","Hi @KenJennings","0","0.400313","0","true_negative","non_humor",""
"2057590511653794039","https://x.com/Wendys/status/2057590511653794039","This isn’t my living room btw I was at a friends house","1","0.564275","1","true_positive","humor",""
"2057590262373785937","https://x.com/Wendys/status/2057590262373785937","@James_Holzhauer","0","0.400313","0","true_negative","non_humor",""
"2057589742649192842","https://x.com/Wendys/status/2057589742649192842","it's not roasting if it's true 😌 @Jeopardy https://t.co/Da3mvCbEFB","1","0.469700","0","false_negative","humor",""
"2057509387422380064","https://x.com/Wendys/status/2057509387422380064","From one redheaded baddie to another, we just wanted to formally invite you to compete in our Wendy’s look-alike contest this weekend for #worldredheadday

https://t.co/Plz0ZCapd2","1","0.448476","0","false_negative","humor",""
"2056803537636467033","https://x.com/Wendys/status/2056803537636467033","might change my name to Wemby’s and only serve french fries after last night’s game","1","0.578921","1","true_positive","humor",""
"2056485781707821429","https://x.com/Wendys/status/2056485781707821429","If you have flaming locks of auburn hair and a face card that never declines, we have the perfect contest for you 😉
Wendy’s Look-Alike Contest is 3:30-5:30pm May 26th at Seaport Square in NYC! https://t.co/sEUa15Db7G","0","0.569367","1","false_positive","non_humor",""
"2054933542442848652","https://x.com/Wendys/status/2054933542442848652","🟨🟦🍟 https://t.co/y9M33fb83V","0","0.488651","0","true_negative","non_humor",""
"2054257059399389281","https://x.com/Wendys/status/2054257059399389281","Did you know? One cookie dough frosty is the equivalent of 12 dancing fruit videos?","1","0.492155","0","false_negative","humor",""
"2052863834503700774","https://x.com/Wendys/status/2052863834503700774","Their love story is almost as fresh as our beef ❤️ https://t.co/OydNIkjSGV","1","0.547739","1","true_positive","humor",""
"2052727809756348567","https://x.com/Wendys/status/2052727809756348567","Sir, this is a banana https://t.co/mtSrVrahpo","1","0.379366","0","false_negative","humor",""
"2052536825336729602","https://x.com/Wendys/status/2052536825336729602","Rick Devens after last night’s tribal council 
@Rick_Devens @MrBeast #Survivor50","1","0.451625","0","false_negative","humor",""
"2052513071906619715","https://x.com/Wendys/status/2052513071906619715","The necklace of every mom’s dreams is here. Tag a mom and tell us why she deserves one below and we might just surprise a few ❤️ https://t.co/p9208Rvu4D","0","0.521914","1","false_positive","non_humor",""
"2050328345645133837","https://x.com/Wendys/status/2050328345645133837","new spicy chicken sandwich slaps https://t.co/nDUnSsL79R","0","0.380929","0","true_negative","non_humor",""
"2050307931778732264","https://x.com/Wendys/status/2050307931778732264","I'm trying to get as crispy as the bacon on our Baconator this Girls Trip 😎☀️🌺 https://t.co/8oGyl5S3GO","1","0.522405","1","true_positive","humor",""
"2050243908991328359","https://x.com/Wendys/status/2050243908991328359","that bow is not just blue, it's not turquoise, it's not lapis, it's actually cerulean. https://t.co/mswbnGHkgg","1","0.625837","1","true_positive","humor",""
"2048730947017654333","https://x.com/Wendys/status/2048730947017654333","Sweet &amp; Sour is BACK… but only for a limited time unless y’all get loud. Go get the sauce in-restaurant + like, comment and share this post to save it. SWEET &amp; SOUR ARMY DO UR THING. https://t.co/ndF0vOrTpo","0","0.529299","1","false_positive","non_humor",""
"2047463502583869524","https://x.com/Wendys/status/2047463502583869524","THIS would happen at Wendy's 👀 https://t.co/lNjM2bD6pb","1","0.481476","0","false_negative","humor",""
"2042359791239024659","https://x.com/Wendys/status/2042359791239024659","She a baddie with her baddie friend (I'm the baddie friend)","1","0.518955","1","true_positive","humor",""
"2042345361310957745","https://x.com/Wendys/status/2042345361310957745","still rich still craving @wendys new spicy chicken sandwich #wendyspartner","0","0.391563","0","true_negative","non_humor",""
"2042276646711894177","https://x.com/Wendys/status/2042276646711894177","WE’VE GOT OUR WINNER🏆 the Pretzel Bacon Pub Burger is coming back to the menu soon https://t.co/jdeIQgJBnp","0","0.527028","1","false_positive","non_humor",""
"2041987332509782141","https://x.com/Wendys/status/2041987332509782141","The universe called. It said add me on Co-Star. @ wendys_official https://t.co/7HYmQbBfv7","1","0.540944","1","true_positive","humor",""
"2041526924149690528","https://x.com/Wendys/status/2041526924149690528","Offer only available in-restaurant upon request at participating U.S. Wendy’s on April 7, 2026. No purchase necessary. Limit one (1) free Small Fry and Small Frosty Classic per person. A la carte only. While supplies last.","0","0.301265","0","true_negative","non_humor",""
"2041526852036988999","https://x.com/Wendys/status/2041526852036988999","🫵 YOU GET A FREE FRY AND FROSTY 🫵 AND YOU GET A FREE FRY AND FROSTY 🫵 AND YOU GET A FREE FRY AND FROSTY 🫵 https://t.co/OQ2OI18i5U","0","0.498125","0","true_negative","non_humor",""
"2041332734883201293","https://x.com/Wendys/status/2041332734883201293","Offer only available in-restaurant upon request at participating U.S. Wendy’s on April 7, 2026. No purchase necessary. Limit one (1) free Small Fry and Small Frosty Classic per person. A la carte only. While supplies last.","0","0.276071","0","true_negative","non_humor",""
"2041332610928951432","https://x.com/Wendys/status/2041332610928951432","WE HAVE A DUNK 🚨that means all of America gets free small fry and Frosty on April 7th. Not to be dramatic, but that was the greatest moment in dunk history.","1","0.470945","0","false_negative","humor",""
"2041332103036412007","https://x.com/Wendys/status/2041332103036412007","GET UP RODDY GAYLE 🤯 https://t.co/Yz0SkHVdwC","1","0.449983","0","false_negative","humor",""
"2041317545412546926","https://x.com/Wendys/status/2041317545412546926","Tip off time here we goooooo 🫣🏀","1","0.563577","1","true_positive","humor",""
"2041286930231373912","https://x.com/Wendys/status/2041286930231373912","You: Wow I hope so and so team wins

Me: DUNKS DUNKS DUNKS DUNKS","1","0.569779","1","true_positive","humor",""
"2041274861461586245","https://x.com/Wendys/status/2041274861461586245","Offer only available in-restaurant upon request at participating U.S. Wendy’s on April 7, 2026. No purchase necessary. Limit one (1) free Small Fry and Small Frosty Classic per person. A la carte only. While supplies last.","0","0.286365","0","true_negative","non_humor",""
"2041274790418485741","https://x.com/Wendys/status/2041274790418485741","Who shall fulfill the prophecy?!?!?!?!

Tag us when you see who unlocks it 👀 https://t.co/mmdG7uqh7a","1","0.543430","1","true_positive","humor",""
"2041273129272824054","https://x.com/Wendys/status/2041273129272824054","Get your votes in!","0","0.487978","0","true_negative","non_humor",""
"2041272778461258077","https://x.com/Wendys/status/2041272778461258077","The Bourbon Bacon Cheeseburger and Pretzel Bacon Pub Burger have made it to our championship! Get your votes in to decide who will be crowned the winner and end up back on the menu https://t.co/VIgjuIMDNF","1","0.433413","0","false_negative","humor",""
"2041270386478780749","https://x.com/Wendys/status/2041270386478780749","ONLY A FEW HOURS UNTIL SOMEONE DUNKS THEIR WAY INTO AMERICAN HISTORY","1","0.549642","1","true_positive","humor",""
"2041241219603554599","https://x.com/Wendys/status/2041241219603554599","Tonight we are anti lay ups and anti fundamentals and pro massive jams","1","0.530624","1","true_positive","humor",""
"2041187810728727004","https://x.com/Wendys/status/2041187810728727004","Offer only available in-restaurant upon request at participating U.S. Wendy’s on April 7, 2026. No purchase necessary. Limit one (1) free Small Fry and Small Frosty Classic per person. A la carte only. While supplies last.","0","0.280565","0","true_negative","non_humor",""
"2041187699764163013","https://x.com/Wendys/status/2041187699764163013","woke up thinking about who’s gonna dunk in the national championship game tonight to unlock a free small fry and Frosty for America tomorrow","1","0.439034","0","false_negative","humor",""
"2040186917312979266","https://x.com/Wendys/status/2040186917312979266","Oh good you made it. Introducing: The Official Dunks Menu 🏀 Order in the Wendy’s app all March Madness® long for the chance to win prizes in the Dunkstakes https://t.co/hI3HxiD7VV","0","0.491061","0","true_negative","non_humor",""
"2040186893468393651","https://x.com/Wendys/status/2040186893468393651","YOU COULD GO ALL THE WAY https://t.co/JG6srzZZTh","1","0.534759","1","true_positive","humor",""
"2040186889131479302","https://x.com/Wendys/status/2040186889131479302","keep scrolling 👇👇👇 https://t.co/O8onjjhdsH","0","0.488651","0","true_negative","non_humor",""
"2040186885704683992","https://x.com/Wendys/status/2040186885704683992","Scroll for a #MarchMadness surprise 👀 🏀 https://t.co/FJ4PuPVkOq","0","0.502916","1","false_positive","non_humor",""
"2039915068729541060","https://x.com/Wendys/status/2039915068729541060","Offer only available in-restaurant upon request at participating U.S. Wendy’s on April 7, 2026. No purchase necessary. Limit one (1) free Small Fry and Small Frosty Classic per person. A la carte only. While supplies last. Not valid for digital or delivery orders or with any other discount or offer. No substitutions.","0","0.311878","0","true_negative","non_humor",""
"2039900754387869992","https://x.com/Wendys/status/2039900754387869992","Help us give the people what they want! If there’s a dunk during the natty everyone in America gets a free small fry and classic Frosty on April 7th https://t.co/UnfLgpYclZ","0","0.532797","1","false_positive","non_humor",""
"2039789214120996993","https://x.com/Wendys/status/2039789214120996993","Congrats to these Official Wendy’s Dunk Team athletes on making it to the Final Four. You dunked into hoops. You dunked into Frosty. You dunked into our hearts. https://t.co/b6IeqJW8YD","1","0.492279","0","false_negative","humor",""
"2039714223337463977","https://x.com/Wendys/status/2039714223337463977","Vote!","0","0.268924","0","true_negative","non_humor",""
"2039714041212358979","https://x.com/Wendys/status/2039714041212358979","Vote!","0","0.245689","0","true_negative","non_humor",""
"2039713760378487274","https://x.com/Wendys/status/2039713760378487274","We’ve got our final four! It’s time to decide who will make it to the championship and ultimately end up back on the menu. Get your votes in now! https://t.co/Yat9QPbeFA","0","0.452587","0","true_negative","non_humor",""
"2038738065678811271","https://x.com/Wendys/status/2038738065678811271","Vote!","0","0.270146","0","true_negative","non_humor",""
"2038737809075565002","https://x.com/Wendys/status/2038737809075565002","Vote!","0","0.268924","0","true_negative","non_humor",""
"2038737532473803096","https://x.com/Wendys/status/2038737532473803096","Vote!","0","0.270146","0","true_negative","non_humor",""
"2038737391863869923","https://x.com/Wendys/status/2038737391863869923","Vote!","0","0.248293","0","true_negative","non_humor",""
"2038736376653554124","https://x.com/Wendys/status/2038736376653554124","After a tough fight to make it on the bracket, we have our finalists! America, we want to hear from you! Tell us what you want to see back on the menu. Voting starts… NOW!

Better luck next time to the Sunroom, Salad SuperBar, Giant JBC, and Trex burger. https://t.co/Ypg0dTCSnT","0","0.530869","1","false_positive","non_humor",""
"2037346325923278851","https://x.com/Wendys/status/2037346325923278851","Okay not a dunk but that’s STILL OUR GUY @jmilly2410","0","0.547889","1","false_positive","non_humor",""
"2037342589230408021","https://x.com/Wendys/status/2037342589230408021","TREY KAUFMAN-RENN GAME-WINNER 🚨

PURDUE ADVANCES TO THE ELITE 8 🤯 https://t.co/CYj7ltsGXT","0","0.515783","1","false_positive","non_humor",""
"2036210859299455486","https://x.com/Wendys/status/2036210859299455486","“Fries + Frosty = The Best of Both Worlds” https://t.co/ixuIhrXwcR","0","0.491799","0","true_negative","non_humor",""
"2035444365800214846","https://x.com/Wendys/status/2035444365800214846","On and off the court, Coen Carr can’t stop (won’t stop) dunking. https://t.co/pvLNEM1zSj","1","0.425263","0","false_negative","humor",""
"2035438297070096829","https://x.com/Wendys/status/2035438297070096829","Fears ➡️ Carr 🔨 https://t.co/Y7Wa3vl7X5","0","0.508967","1","false_positive","non_humor",""
"2035415108646490534","https://x.com/Wendys/status/2035415108646490534","I hope Yaxel doesn’t dunk his fries in his Frosty this violently https://t.co/l75Yp2p6YX","1","0.545610","1","true_positive","humor",""
"2035414922763350398","https://x.com/Wendys/status/2035414922763350398","Tarris Reed stat line: buckets, boards, and dunks. Basically a Dunk Menu combo. https://t.co/rktHfBeiwV","1","0.539357","1","true_positive","humor",""
"2035411565797634404","https://x.com/Wendys/status/2035411565797634404","YAXEL LENDEBORG. ABSOLUTELY DISGUSTING.

#MarchMadness https://t.co/GzFu2ZqKzo","1","0.469798","0","false_negative","humor",""
"2035213787020575096","https://x.com/Wendys/status/2035213787020575096","Tarris Reed throws it down 🔨 https://t.co/kGW6Ewxnon","1","0.583259","1","true_positive","humor",""
"2035089780396953839","https://x.com/Wendys/status/2035089780396953839","“Hold my Frosty” – Coen Carr, probably. @Coencarr2 https://t.co/8hGMcWQRSr","0","0.410392","0","true_negative","non_humor",""
"2035036863413805229","https://x.com/Wendys/status/2035036863413805229","A championship-caliber roster that dunks on and off the court: introducing the Official Wendy’s Dunk Team 🤝Tune in for the dunks, then try your own with the Dunk Menu, only in the app. https://t.co/ACwbEmgmQE","0","0.537571","1","false_positive","non_humor",""
"2034753037797904417","https://x.com/Wendys/status/2034753037797904417","Coen Carr AGAIN 😤 https://t.co/Hwfed2ciRF","0","0.509738","1","false_positive","non_humor",""
"2033636564551524646","https://x.com/Wendys/status/2033636564551524646","truly life changing https://t.co/0tX6CyMW2P","0","0.488651","0","true_negative","non_humor",""
"2033326344264888604","https://x.com/Wendys/status/2033326344264888604","Congrats to our Aunt on winning Best Supporting Actress! https://t.co/5EVi2wrFcH","0","0.457620","0","true_negative","non_humor",""
"2032563031024996510","https://x.com/Wendys/status/2032563031024996510","Head to https://t.co/lkd5mlJoiZ to see how to apply. WHAT ARE YOU WAITING FOR?!?!?!?! IT’S $100,000 !!!!!

No purch nec. 50 US/DC, 18+. Ends 3/30. Rules: https://t.co/mNIqecbPOQ

#WendysCTOContest https://t.co/WD3ZxE9iee","0","0.421193","0","true_negative","non_humor",""
"2031884901557965271","https://x.com/Wendys/status/2031884901557965271","What the fries at the bottom of my biggie bag see when I go scavenging for them https://t.co/qO9JGCgaXs","1","0.553092","1","true_positive","humor",""
"2031738937870364955","https://x.com/Wendys/status/2031738937870364955","travis gonna love the drive thru at his mom's house https://t.co/ssjGEuifjO","1","0.557619","1","true_positive","humor",""
"2030448455412252800","https://x.com/Wendys/status/2030448455412252800","Travis and Jason Kelce’s mom, Donna Kelce, is in the middle of a home renovation ... TMZ has learned.

Read more: https://t.co/4KursdUOlk https://t.co/FsAv2tPWyz","0","0.499868","0","true_negative","non_humor",""
"2030030225254359259","https://x.com/Wendys/status/2030030225254359259","No purch nec. 50 US/DC, 18+. Ends 3/30. Rules: https://t.co/mNIqecbPOQ. To qualify tag @Wendys and #WendysCTOcontest","0","0.377773","0","true_negative","non_humor",""
"2030021566528893409","https://x.com/Wendys/status/2030021566528893409",".@maurahiggins Since being a faithful fell through, here’s a job to get u more Birkins 
https://t.co/mNIqecbPOQ.

No purch nec. 50 US/DC, 18+. Ends 3/30. Rules: To qualify tag @Wendys and #WendysCTOContest https://t.co/RWQGC4PJmA","0","0.339750","0","true_negative","non_humor",""
"2029952811224514866","https://x.com/Wendys/status/2029952811224514866","Breaking: The Raiders are releasing last season’s starting QB Geno Smith, barring a trade before the start of the new league year, sources tell @AdamSchefter.  

By releasing Smith, the Raiders will open up $8M in salary cap space while taking on $18.5M in dead money.

Get breaking news alerts from Adam Schefter through the ESPN App: https://t.co/wLAog0kJUB","0","0.464656","0","true_negative","non_humor",""
"2029687889098068156","https://x.com/Wendys/status/2029687889098068156","Our first Chief Tasting Officer application is in, and lets just say the bar is LOW. Apply now and make your video more than a McNibble. Link in bio to enter the first #WendysCTOcontest https://t.co/JXujBHw5pP","1","0.450688","0","false_negative","humor",""
"2029585417066946625","https://x.com/Wendys/status/2029585417066946625","Ever wish you could eat Wendy’s professionally? Now you can (oh and make $100k). See how to apply at https://t.co/mNIqecbPOQ #WendysCTOcontest https://t.co/bQZSEBjfAx","0","0.539346","1","false_positive","non_humor",""
"2029249180762341501","https://x.com/Wendys/status/2029249180762341501","Wendy’s US President posts new video amid burger battle with McDonald’s &amp; Burger King. https://t.co/R6IALUetCC","1","0.431332","0","false_negative","humor",""
"2027127868791431190","https://x.com/Wendys/status/2027127868791431190","No trowaway votes around here… https://t.co/KuKsN6ZoOj","1","0.522519","1","true_positive","humor",""
"2027105501260202278","https://x.com/Wendys/status/2027105501260202278","i’ll take ew for 400 https://t.co/ShRmiSgG6W","0","0.507386","1","false_positive","non_humor",""
"2026335579764343176","https://x.com/Wendys/status/2026335579764343176","McDonald's is launching the Big Arch burger in the US on March 3 https://t.co/U5n8YWn3U4","0","0.519944","1","false_positive","non_humor",""
"2022846838726922625","https://x.com/Wendys/status/2022846838726922625","Based on the results from today’s dunk contest this would blow the judges minds https://t.co/6nP4bbhJ2h","0","0.491129","0","true_negative","non_humor",""
"2021355348100313369","https://x.com/Wendys/status/2021355348100313369","Sir this is a DAYTONA discount code","0","0.504275","1","false_positive","non_humor",""
"2021268433296367729","https://x.com/Wendys/status/2021268433296367729","We're cooking something up.

Use code DAYTONA in the @Wendys app to get a $1 Classic or Spicy Chicken Sandwich with purchase, starting at the beginning of the race on Sunday 2/15 and available all day Monday 2/16. https://t.co/nsXc16Pwpj","0","0.424961","0","true_negative","non_humor",""
"2020685488789815407","https://x.com/Wendys/status/2020685488789815407","Has a kicker ever won MVP?","1","0.525874","1","true_positive","humor",""
"2019221773569728518","https://x.com/Wendys/status/2019221773569728518","also okc receives a first round pick somehow @ShamsCharania https://t.co/WUoYrt9zY7","0","0.437696","0","true_negative","non_humor",""
"2015935710449009033","https://x.com/Wendys/status/2015935710449009033","kind of seems like you just wanted a reason to eat nothing but wendys chili for a month?","1","0.557523","1","true_positive","humor",""
"2014446063961178239","https://x.com/Wendys/status/2014446063961178239","If Scottie Scheffler wins this week I will only eat Wendy’s chili for a month. It’s not happening folks. ZERO chance.","1","0.577815","1","true_positive","humor",""
"2014093064155889768","https://x.com/Wendys/status/2014093064155889768","We don’t chikin out on Sundays https://t.co/pA1BXe0Sc0","0","0.517004","1","false_positive","non_humor",""
"2012261535259726070","https://x.com/Wendys/status/2012261535259726070","CLOWNS ARE GOIN DOWN. We’re live right now over on
https://t.co/P0GZ7DIn5g","1","0.544944","1","true_positive","humor",""
"1293256222922203138","https://x.com/Wendys/status/1293256222922203138","Hope your server maintenance is as active as your twitter 😉

(and make sure the crowns aren’t paper)","1","0.550537","1","true_positive","humor","aggressive"
"1292880058399567876","https://x.com/Wendys/status/1292880058399567876","Don’t know who needs to hear this but pepper isn’t spicy...this new 444 is thoughhhhh 🥵 https://t.co/H2tx5WJFVc","0","0.453284","0","true_negative","non_humor","none"
"1291837518455779328","https://x.com/Wendys/status/1291837518455779328","4:44 on the clock I’m in my drop top getting some eats.","1","0.464702","0","false_negative","humor","affiliative"
"1291462568511406081","https://x.com/Wendys/status/1291462568511406081","The burgers are square for a reason.","1","0.535766","1","true_positive","humor","aggressive"
"1288908749411946497","https://x.com/Wendys/status/1288908749411946497","Real ones know. https://t.co/TRqxRULx4s","0","0.529324","1","false_positive","non_humor","none"
"1286650842225848321","https://x.com/Wendys/status/1286650842225848321","Wakey wakey, eggs and bac-y-nator.","1","0.498381","0","false_negative","humor","affiliative"
"1285658885366386688","https://x.com/Wendys/status/1285658885366386688","We’re heading back to the island for a quick swim. Grab a Strawberry Lemonade to sip while we dip in the stream. https://t.co/P0GZ7DIn5g","1","0.475020","0","false_negative","humor","affiliative"
"1283561455787347973","https://x.com/Wendys/status/1283561455787347973","Sorry, Nick. No dice.","1","0.544123","1","true_positive","humor","aggressive"
"1278698388054310913","https://x.com/Wendys/status/1278698388054310913","Black College Communities deserve to be honored and celebrated. Thanks @tmcf_hbcu for taking the time and sharing all of this great info today.","0","0.467595","0","true_negative","non_humor","none"
"1278697646312611841","https://x.com/Wendys/status/1278697646312611841","This acronym #HBCU might be new to some of our followers, what exactly does that stand for?

https://t.co/afDXa92aiC","0","0.496938","0","true_negative","non_humor","none"
"1276283357979164674","https://x.com/Wendys/status/1276283357979164674","We’ll also be chatting with @tmcf_hbcu next week to learn more about their history supporting students at #HBCUs. Check out the conversation on 7/2.","0","0.514949","1","false_positive","non_humor","none"
"1276283357219950593","https://x.com/Wendys/status/1276283357219950593","Today, we are announcing new partnerships with the Urban League (@CULempowering) and the YWCA(@ywcacolumbus).  These two organizations are committed to fighting racism and empowering Black youth, and we’re eager to be a part of their mission.","0","0.478954","0","true_negative","non_humor","none"
"1276283355768803330","https://x.com/Wendys/status/1276283355768803330","So much has happened over the past couple of weeks, including the death of Rayshard Brooks.  We’ve taken the time to ensure we’re focused on the best ways to support positive change.","0","0.539921","1","false_positive","non_humor","none"
"1268326640972595206","https://x.com/Wendys/status/1268326640972595206","We’re about putting our money where our mouth is. So here’s our money and here’s our mouth. We are committed to donating $500k to support social justice, the youth and education in the Black community starting with the Thurgood Marshall College Fund and we’ll have receipts.","1","0.508291","1","true_positive","humor","self-enhancing"
"1266395345996652552","https://x.com/Wendys/status/1266395345996652552","We’re moving National Roast Day because there are going to be better times for it. Love you guys.","1","0.565358","1","true_positive","humor","affiliative"
"1266084754832719872","https://x.com/Wendys/status/1266084754832719872","#NationalRoastDay starts right here tomorrow at 11am ET. For everyone that’s said “Roast Me Wendy’s,”...Tomorrow’s lookin’ good.  
Let’s roll, jabronis.","1","0.591186","1","true_positive","humor","aggressive"
"1263549059962408962","https://x.com/Wendys/status/1263549059962408962","Alright Wendys, your time has come. Do you have what it takes to be the Queen of the Hill? Suit up and enter our Super Smash Bros tournament on https://t.co/P0GZ7DIn5g. We’ll see ya at the top. https://t.co/PUgtPzPZ8e","1","0.542186","1","true_positive","humor","affiliative"
"1261339056618835968","https://x.com/Wendys/status/1261339056618835968","2 for $5 is your Spicy Nugg hookup. https://t.co/YqGE1mbsex","0","0.424111","0","true_negative","non_humor","none"
"1260917780594884608","https://x.com/Wendys/status/1260917780594884608","Sorry, private meeting. Elite breakfast foods only. https://t.co/skbJUhiqgc","1","0.465380","0","false_negative","humor","self-enhancing"
"1259832419311661058","https://x.com/Wendys/status/1259832419311661058","Treat yo self. https://t.co/cHqfuIdNRK","0","0.489329","0","true_negative","non_humor","none"
"1259528627017748480","https://x.com/Wendys/status/1259528627017748480","Since you’ve been asking. https://t.co/mZBOLo0daZ","0","0.498670","0","true_negative","non_humor","none"
"1257152398566592516","https://x.com/Wendys/status/1257152398566592516","No, this is THE Wendy's.","1","0.508486","1","true_positive","humor","affiliative"
"1257082671118913537","https://x.com/Wendys/status/1257082671118913537","This week, we will be hiding codes. Lots of codes. Codes that will score you free Wendy's. Hidden across our entire internet presence. The clues start Monday. Think you can solve the Cyber Search? https://t.co/FB2IXQSyAq","1","0.567699","1","true_positive","humor","affiliative"
"1256977275754610688","https://x.com/Wendys/status/1256977275754610688","That Honey Butter Chicken Biscuit is one bad boi. See it in action during the Rick and Morty premiere tonight!","0","0.495225","0","true_negative","non_humor","none"
"1256297367860625414","https://x.com/Wendys/status/1256297367860625414","Be on the lookout for this Honey Butter Chicken Biscuit. @wendys #ad https://t.co/71Cd9mpyi6","0","0.398931","0","true_negative","non_humor","none"
"1255937272907776001","https://x.com/Wendys/status/1255937272907776001","Come and see the Wendy-est Mortys in the entire multiverse. We’re playing with Wendy Morty and Breakfast Morty in Pocket Mortys! Check out our stream right now: https://t.co/sQfjVH1iaa","0","0.508479","1","false_positive","non_humor","none"
"1255888429910577153","https://x.com/Wendys/status/1255888429910577153","Spicy, spicy! Very nice-y. Score yourself one FREE Spicy Chicken Sandwich with mobile purchase in the Wendy's app! 🔥🔥🔥 https://t.co/wIYUkeVVJA","0","0.374842","0","true_negative","non_humor","none"
"1254757690321932288","https://x.com/Wendys/status/1254757690321932288","Now that really honey butters my biscuit! https://t.co/xkZxxXsVwM","1","0.500415","1","true_positive","humor","affiliative"
"1254067898349428737","https://x.com/Wendys/status/1254067898349428737","We gave you a GroupNug, now send some to a friend. Use Postmates code: NUGHUG and send a loved one free 10pc. nugs with free delivery fee by ordering Wendy’s through Postmates! This weekend only.","0","0.533704","1","false_positive","non_humor","none"
"1253342185157607433","https://x.com/Wendys/status/1253342185157607433","America, come get your GroupNug. Come to the Wendy’s drive-thru tomorrow and get your free 4pc. nuggets! https://t.co/GRTmEcX3Ar","0","0.521694","1","false_positive","non_humor","none"
"1252980092113993730","https://x.com/Wendys/status/1252980092113993730","Everyone has become their own hairstylist. We all need a nug. This Friday ONLY, we’re giving America a big GroupNug. Get FREE 4pc nuggets when you visit our drive-thru. https://t.co/dXYeMJFsWu","1","0.541395","1","true_positive","humor","affiliative"
"1252379047335608320","https://x.com/Wendys/status/1252379047335608320","We’re giving America a GroupNug this Friday. ♥ this tweet and we’ll remind you when to get your free 4pc nuggets! https://t.co/AKWHpSXdD6","1","0.481730","0","false_negative","humor","affiliative"
"1252355382657216512","https://x.com/Wendys/status/1252355382657216512","Not gonna lie, all this love y’all are showing has inspired us. We wish we could give you a hug, but instead…how about a nug? This Friday, we’ll be giving out free 4pc spicy and crispy nugs at every Wendy’s drive-thru.
 
No purchase necessary, not a single string attached.","1","0.568315","1","true_positive","humor","affiliative"
"1252250012676997123","https://x.com/Wendys/status/1252250012676997123","Everyone could use some extra love right now, so we’re trading our usual roasting for a little toasting.

Let’s use this thread to shout out the special people in our lives that we think deserve some shine right now.","1","0.581806","1","true_positive","humor","affiliative"
"1250053580716990467","https://x.com/Wendys/status/1250053580716990467","Had so much fun last week, we figured we’d do it again! Get your hands on a free Breakfast Baconator in the Wendy's app and help us solve this bad boy. https://t.co/KhIgxDbUYH","1","0.457533","0","false_negative","humor","affiliative"
"1248698613045366785","https://x.com/Wendys/status/1248698613045366785","Shout out to the girl that keeps ""losing"" her phone. 

Maybe while she downloads the findmyphone app you can enjoy a Free Dave's Single in our app.","1","0.548283","1","true_positive","humor","aggressive"
"1248693897263448071","https://x.com/Wendys/status/1248693897263448071","Um, hey, Cousin. Give the HDMI back. This is not a game.
You have 48 hours.

In the meantime we will enjoy a Free Dave's Single.","1","0.568799","1","true_positive","humor","aggressive"
"1248679862384185347","https://x.com/Wendys/status/1248679862384185347","Shout out to LostMermaid. It's never too late to reply back. Even if it has been like...a year. The internet can see you. 

Let's grab that Free Dave's Single while we wait.","1","0.622556","1","true_positive","humor","affiliative"
"1248677421588586496","https://x.com/Wendys/status/1248677421588586496","Come on now! You can't hit them with the old fruit and scoot! 

Might be out of oranges, but at least you've still got the Free Dave's Single in the app.","1","0.486536","0","false_negative","humor","affiliative"
"1247574856784379906","https://x.com/Wendys/status/1247574856784379906","Picking up a new hobby. Come paint with us on Twitch. https://t.co/P0GZ7DIn5g https://t.co/8mllJ9tke4","0","0.451810","0","true_negative","non_humor","none"
"1247262166392221698","https://x.com/Wendys/status/1247262166392221698","The Wooden Award winner will be revealed tomorrow.

Who’s your choice?

( 📍 @Wendys) https://t.co/SQdg3QVmoi","0","0.446941","0","true_negative","non_humor","none"
"1242894464760328192","https://x.com/Wendys/status/1242894464760328192","Don’t miss our best catches! Hop in the stream now! https://t.co/J4Z5cZlvtz #ACNH https://t.co/mnAaUVZ3TJ","0","0.461266","0","true_negative","non_humor","none"
"1237741943809028096","https://x.com/Wendys/status/1237741943809028096","Honey. Butter. Chicken. Biscuit. Free. 
 
(with any purchase in our app)","0","0.479413","0","true_negative","non_humor","none"
"1237012795327238144","https://x.com/Wendys/status/1237012795327238144","Better come and get you some. https://t.co/Z5bXZ97iAy","0","0.478678","0","true_negative","non_humor","none"
"1236305605188636672","https://x.com/Wendys/status/1236305605188636672","Yep, your new favorite is free with purchase in the Wendy's app. https://t.co/drxmKsYTyu https://t.co/gmJWGNgvBD","0","0.434622","0","true_negative","non_humor","none"
"1235705290755960832","https://x.com/Wendys/status/1235705290755960832","We love you too sweet, sweet Guillermo.","1","0.565130","1","true_positive","humor","affiliative"
"1234448367230627840","https://x.com/Wendys/status/1234448367230627840","BREAKFAST NEWS! Wendy's is now serving up breakfast. Sources say it's “pretty lit.” https://t.co/meBemp31hH","1","0.529874","1","true_positive","humor","self-enhancing"
"1234275836905369603","https://x.com/Wendys/status/1234275836905369603","Y’all got any plans for breakfast tomorrow orrrrrrrrr…..?","0","0.520612","1","false_positive","non_humor","none"
"1233494419925585924","https://x.com/Wendys/status/1233494419925585924","Here lies mediocrity. #EggRIPMuffin https://t.co/fYxcn8LObe","1","0.513650","1","true_positive","humor","aggressive"
"1229264235387129856","https://x.com/Wendys/status/1229264235387129856","BURGER KING is testing a sandwich with nothing but french fries:

https://t.co/cMELl6fZaV https://t.co/D1taIscJk2","1","0.512982","1","true_positive","humor","aggressive"
"1228373033167048705","https://x.com/Wendys/status/1228373033167048705","Proud of this big spicy boi","0","0.481210","0","true_negative","non_humor","none"
"1228371313938567174","https://x.com/Wendys/status/1228371313938567174","Thanks for the huge nugget @Wendys 😂😂😍😋 https://t.co/4vgfPGyUZR","0","0.403439","0","true_negative","non_humor","none"
"1224794757559455746","https://x.com/Wendys/status/1224794757559455746","When they ask what your weaknesses are during the interview.","1","0.502175","1","true_positive","humor","aggressive"
"1221885535737864192","https://x.com/Wendys/status/1221885535737864192","Picking up their order.","0","0.523696","1","false_positive","non_humor","aggressive"
"1220437845388730370","https://x.com/Wendys/status/1220437845388730370","Is it a garbage truck?","1","0.550396","1","true_positive","humor","aggressive"
"1217123276549427201","https://x.com/Wendys/status/1217123276549427201","That's what we call a glow up.","1","0.589098","1","true_positive","humor","affiliative"
"1216894246021713920","https://x.com/Wendys/status/1216894246021713920","Looked who dropped by to see what Spicy Nuggets were supposed to taste like.","1","0.496302","0","false_negative","humor","affiliative"
"1216801098608017413","https://x.com/Wendys/status/1216801098608017413","Not saying eating our french fries gets you an #Oscar nomination but also...sup","1","0.603263","1","true_positive","humor","self-defeating"
"1207700570213101585","https://x.com/Wendys/status/1207700570213101585","meryl can have a little french fries, as a treat.","1","0.606135","1","true_positive","humor","affiliative"
"1207030238447898625","https://x.com/Wendys/status/1207030238447898625","Sir, this is a","0","0.535285","1","false_positive","non_humor","none"
"1205941546538938368","https://x.com/Wendys/status/1205941546538938368","Rick and Morty are back again this Sunday, so come by our place and grab a Baconator to eat while you watch.","0","0.561706","1","false_positive","none","none"
"1205932906406920194","https://x.com/Wendys/status/1205932906406920194","Watch Rick and Morty with us on Sunday and try to get five in a row on this game your grandma loves that we can’t legally say the name of! Schwifty! https://t.co/rw8leGuV1n","1","0.456203","0","false_negative","humor","affiliative"
"1205577307810910209","https://x.com/Wendys/status/1205577307810910209","10 patties of fresh, never frozen Canadian beef. This is our dream. #PowerYourDreams https://t.co/2FLxlUIBZc","0","0.548175","1","false_positive","non_humor","none"
"1205531387975090177","https://x.com/Wendys/status/1205531387975090177","Wendy’s cups should be square but no one wants to poke that tiger","1","0.533499","1","true_positive","humor","aggressive"
"1202638489126342657","https://x.com/Wendys/status/1202638489126342657","This is no drill. Frosty Key Tags are back. Get your $2 hookup for a free Jr. Frosty all year. Proceeds help support @DTFA. https://t.co/hlpZZouIcK","0","0.427904","0","true_negative","non_humor","none"
"1198858858267127809","https://x.com/Wendys/status/1198858858267127809","What's the most disrespectful diss track of all time?","1","0.539762","1","true_positive","humor","aggressive"
"1198363148094328832","https://x.com/Wendys/status/1198363148094328832","To be fair, you have to have a very high IQ to understand Rick and Morty. So make sure you watch it this Sunday night, genius.","1","0.521840","1","true_positive","humor","affiliative"
"1198285151702118400","https://x.com/Wendys/status/1198285151702118400","Time for the biggest game of the day: @PennStateFball vs @OhioStateFBall
Come hang out with @LaVarArrington &amp; @BeanieWells26 on the sideline of The Shoe for our @Wendys Watch Party! https://t.co/eTL9bPNbBT","0","0.421521","0","true_negative","none","none"
