fortune_rank,firm_name,target_report_year,status,error_type,error_message,sec_cik,sec_company_name,sec_match_score,sec_filing_url,local_report_path,attempted_at
1,Amazon,2025,sec_source_fetch_failed,RuntimeError,SEC source fetch failed before CIK matching: RuntimeError: Request failed after 3 attempts: https://www.sec.gov/files/company_tickers.json: HTTP Error 403: Forbidden,,,0.00,,,2026-06-10T10:21:49+00:00
1,Amazon,2024,sec_source_fetch_failed,RuntimeError,SEC source fetch failed before CIK matching: RuntimeError: Request failed after 3 attempts: https://www.sec.gov/files/company_tickers.json: HTTP Error 403: Forbidden,,,0.00,,,2026-06-10T10:21:49+00:00
1,Amazon,2023,sec_source_fetch_failed,RuntimeError,SEC source fetch failed before CIK matching: RuntimeError: Request failed after 3 attempts: https://www.sec.gov/files/company_tickers.json: HTTP Error 403: Forbidden,,,0.00,,,2026-06-10T10:21:49+00:00
2,Walmart,2025,sec_source_fetch_failed,RuntimeError,SEC source fetch failed before CIK matching: RuntimeError: Request failed after 3 attempts: https://www.sec.gov/files/company_tickers.json: HTTP Error 403: Forbidden,,,0.00,,,2026-06-10T10:21:49+00:00
2,Walmart,2024,sec_source_fetch_failed,RuntimeError,SEC source fetch failed before CIK matching: RuntimeError: Request failed after 3 attempts: https://www.sec.gov/files/company_tickers.json: HTTP Error 403: Forbidden,,,0.00,,,2026-06-10T10:21:49+00:00
2,Walmart,2023,sec_source_fetch_failed,RuntimeError,SEC source fetch failed before CIK matching: RuntimeError: Request failed after 3 attempts: https://www.sec.gov/files/company_tickers.json: HTTP Error 403: Forbidden,,,0.00,,,2026-06-10T10:21:49+00:00
3,UnitedHealth Group,2025,sec_source_fetch_failed,RuntimeError,SEC source fetch failed before CIK matching: RuntimeError: Request failed after 3 attempts: https://www.sec.gov/files/company_tickers.json: HTTP Error 403: Forbidden,,,0.00,,,2026-06-10T10:21:49+00:00
3,UnitedHealth Group,2024,sec_source_fetch_failed,RuntimeError,SEC source fetch failed before CIK matching: RuntimeError: Request failed after 3 attempts: https://www.sec.gov/files/company_tickers.json: HTTP Error 403: Forbidden,,,0.00,,,2026-06-10T10:21:49+00:00
3,UnitedHealth Group,2023,sec_source_fetch_failed,RuntimeError,SEC source fetch failed before CIK matching: RuntimeError: Request failed after 3 attempts: https://www.sec.gov/files/company_tickers.json: HTTP Error 403: Forbidden,,,0.00,,,2026-06-10T10:21:49+00:00
4,Apple,2025,sec_source_fetch_failed,RuntimeError,SEC source fetch failed before CIK matching: RuntimeError: Request failed after 3 attempts: https://www.sec.gov/files/company_tickers.json: HTTP Error 403: Forbidden,,,0.00,,,2026-06-10T10:21:49+00:00
4,Apple,2024,sec_source_fetch_failed,RuntimeError,SEC source fetch failed before CIK matching: RuntimeError: Request failed after 3 attempts: https://www.sec.gov/files/company_tickers.json: HTTP Error 403: Forbidden,,,0.00,,,2026-06-10T10:21:49+00:00
4,Apple,2023,sec_source_fetch_failed,RuntimeError,SEC source fetch failed before CIK matching: RuntimeError: Request failed after 3 attempts: https://www.sec.gov/files/company_tickers.json: HTTP Error 403: Forbidden,,,0.00,,,2026-06-10T10:21:49+00:00
5,Alphabet,2025,sec_source_fetch_failed,RuntimeError,SEC source fetch failed before CIK matching: RuntimeError: Request failed after 3 attempts: https://www.sec.gov/files/company_tickers.json: HTTP Error 403: Forbidden,,,0.00,,,2026-06-10T10:21:49+00:00
5,Alphabet,2024,sec_source_fetch_failed,RuntimeError,SEC source fetch failed before CIK matching: RuntimeError: Request failed after 3 attempts: https://www.sec.gov/files/company_tickers.json: HTTP Error 403: Forbidden,,,0.00,,,2026-06-10T10:21:49+00:00
5,Alphabet,2023,sec_source_fetch_failed,RuntimeError,SEC source fetch failed before CIK matching: RuntimeError: Request failed after 3 attempts: https://www.sec.gov/files/company_tickers.json: HTTP Error 403: Forbidden,,,0.00,,,2026-06-10T10:21:49+00:00
6,CVS Health,2025,sec_source_fetch_failed,RuntimeError,SEC source fetch failed before CIK matching: RuntimeError: Request failed after 3 attempts: https://www.sec.gov/files/company_tickers.json: HTTP Error 403: Forbidden,,,0.00,,,2026-06-10T10:21:49+00:00
6,CVS Health,2024,sec_source_fetch_failed,RuntimeError,SEC source fetch failed before CIK matching: RuntimeError: Request failed after 3 attempts: https://www.sec.gov/files/company_tickers.json: HTTP Error 403: Forbidden,,,0.00,,,2026-06-10T10:21:49+00:00
6,CVS Health,2023,sec_source_fetch_failed,RuntimeError,SEC source fetch failed before CIK matching: RuntimeError: Request failed after 3 attempts: https://www.sec.gov/files/company_tickers.json: HTTP Error 403: Forbidden,,,0.00,,,2026-06-10T10:21:49+00:00
7,Berkshire Hathaway,2025,sec_source_fetch_failed,RuntimeError,SEC source fetch failed before CIK matching: RuntimeError: Request failed after 3 attempts: https://www.sec.gov/files/company_tickers.json: HTTP Error 403: Forbidden,,,0.00,,,2026-06-10T10:21:49+00:00
7,Berkshire Hathaway,2024,sec_source_fetch_failed,RuntimeError,SEC source fetch failed before CIK matching: RuntimeError: Request failed after 3 attempts: https://www.sec.gov/files/company_tickers.json: HTTP Error 403: Forbidden,,,0.00,,,2026-06-10T10:21:49+00:00
7,Berkshire Hathaway,2023,sec_source_fetch_failed,RuntimeError,SEC source fetch failed before CIK matching: RuntimeError: Request failed after 3 attempts: https://www.sec.gov/files/company_tickers.json: HTTP Error 403: Forbidden,,,0.00,,,2026-06-10T10:21:49+00:00
8,McKesson,2025,sec_source_fetch_failed,RuntimeError,SEC source fetch failed before CIK matching: RuntimeError: Request failed after 3 attempts: https://www.sec.gov/files/company_tickers.json: HTTP Error 403: Forbidden,,,0.00,,,2026-06-10T10:21:49+00:00
8,McKesson,2024,sec_source_fetch_failed,RuntimeError,SEC source fetch failed before CIK matching: RuntimeError: Request failed after 3 attempts: https://www.sec.gov/files/company_tickers.json: HTTP Error 403: Forbidden,,,0.00,,,2026-06-10T10:21:49+00:00
8,McKesson,2023,sec_source_fetch_failed,RuntimeError,SEC source fetch failed before CIK matching: RuntimeError: Request failed after 3 attempts: https://www.sec.gov/files/company_tickers.json: HTTP Error 403: Forbidden,,,0.00,,,2026-06-10T10:21:49+00:00
9,Exxon Mobil,2025,sec_source_fetch_failed,RuntimeError,SEC source fetch failed before CIK matching: RuntimeError: Request failed after 3 attempts: https://www.sec.gov/files/company_tickers.json: HTTP Error 403: Forbidden,,,0.00,,,2026-06-10T10:21:49+00:00
9,Exxon Mobil,2024,sec_source_fetch_failed,RuntimeError,SEC source fetch failed before CIK matching: RuntimeError: Request failed after 3 attempts: https://www.sec.gov/files/company_tickers.json: HTTP Error 403: Forbidden,,,0.00,,,2026-06-10T10:21:49+00:00
9,Exxon Mobil,2023,sec_source_fetch_failed,RuntimeError,SEC source fetch failed before CIK matching: RuntimeError: Request failed after 3 attempts: https://www.sec.gov/files/company_tickers.json: HTTP Error 403: Forbidden,,,0.00,,,2026-06-10T10:21:49+00:00
10,Cencora,2025,sec_source_fetch_failed,RuntimeError,SEC source fetch failed before CIK matching: RuntimeError: Request failed after 3 attempts: https://www.sec.gov/files/company_tickers.json: HTTP Error 403: Forbidden,,,0.00,,,2026-06-10T10:21:49+00:00
10,Cencora,2024,sec_source_fetch_failed,RuntimeError,SEC source fetch failed before CIK matching: RuntimeError: Request failed after 3 attempts: https://www.sec.gov/files/company_tickers.json: HTTP Error 403: Forbidden,,,0.00,,,2026-06-10T10:21:49+00:00
10,Cencora,2023,sec_source_fetch_failed,RuntimeError,SEC source fetch failed before CIK matching: RuntimeError: Request failed after 3 attempts: https://www.sec.gov/files/company_tickers.json: HTTP Error 403: Forbidden,,,0.00,,,2026-06-10T10:21:49+00:00
11,Microsoft,2025,sec_source_fetch_failed,RuntimeError,SEC source fetch failed before CIK matching: RuntimeError: Request failed after 3 attempts: https://www.sec.gov/files/company_tickers.json: HTTP Error 403: Forbidden,,,0.00,,,2026-06-10T10:21:49+00:00
11,Microsoft,2024,sec_source_fetch_failed,RuntimeError,SEC source fetch failed before CIK matching: RuntimeError: Request failed after 3 attempts: https://www.sec.gov/files/company_tickers.json: HTTP Error 403: Forbidden,,,0.00,,,2026-06-10T10:21:49+00:00
11,Microsoft,2023,sec_source_fetch_failed,RuntimeError,SEC source fetch failed before CIK matching: RuntimeError: Request failed after 3 attempts: https://www.sec.gov/files/company_tickers.json: HTTP Error 403: Forbidden,,,0.00,,,2026-06-10T10:21:49+00:00
12,JPMorgan Chase,2025,sec_source_fetch_failed,RuntimeError,SEC source fetch failed before CIK matching: RuntimeError: Request failed after 3 attempts: https://www.sec.gov/files/company_tickers.json: HTTP Error 403: Forbidden,,,0.00,,,2026-06-10T10:21:49+00:00
12,JPMorgan Chase,2024,sec_source_fetch_failed,RuntimeError,SEC source fetch failed before CIK matching: RuntimeError: Request failed after 3 attempts: https://www.sec.gov/files/company_tickers.json: HTTP Error 403: Forbidden,,,0.00,,,2026-06-10T10:21:49+00:00
12,JPMorgan Chase,2023,sec_source_fetch_failed,RuntimeError,SEC source fetch failed before CIK matching: RuntimeError: Request failed after 3 attempts: https://www.sec.gov/files/company_tickers.json: HTTP Error 403: Forbidden,,,0.00,,,2026-06-10T10:21:49+00:00
13,Costco Wholesale,2025,sec_source_fetch_failed,RuntimeError,SEC source fetch failed before CIK matching: RuntimeError: Request failed after 3 attempts: https://www.sec.gov/files/company_tickers.json: HTTP Error 403: Forbidden,,,0.00,,,2026-06-10T10:21:49+00:00
13,Costco Wholesale,2024,sec_source_fetch_failed,RuntimeError,SEC source fetch failed before CIK matching: RuntimeError: Request failed after 3 attempts: https://www.sec.gov/files/company_tickers.json: HTTP Error 403: Forbidden,,,0.00,,,2026-06-10T10:21:49+00:00
13,Costco Wholesale,2023,sec_source_fetch_failed,RuntimeError,SEC source fetch failed before CIK matching: RuntimeError: Request failed after 3 attempts: https://www.sec.gov/files/company_tickers.json: HTTP Error 403: Forbidden,,,0.00,,,2026-06-10T10:21:49+00:00
14,Cigna Group,2025,sec_source_fetch_failed,RuntimeError,SEC source fetch failed before CIK matching: RuntimeError: Request failed after 3 attempts: https://www.sec.gov/files/company_tickers.json: HTTP Error 403: Forbidden,,,0.00,,,2026-06-10T10:21:49+00:00
14,Cigna Group,2024,sec_source_fetch_failed,RuntimeError,SEC source fetch failed before CIK matching: RuntimeError: Request failed after 3 attempts: https://www.sec.gov/files/company_tickers.json: HTTP Error 403: Forbidden,,,0.00,,,2026-06-10T10:21:49+00:00
14,Cigna Group,2023,sec_source_fetch_failed,RuntimeError,SEC source fetch failed before CIK matching: RuntimeError: Request failed after 3 attempts: https://www.sec.gov/files/company_tickers.json: HTTP Error 403: Forbidden,,,0.00,,,2026-06-10T10:21:49+00:00
15,Cardinal Health,2025,sec_source_fetch_failed,RuntimeError,SEC source fetch failed before CIK matching: RuntimeError: Request failed after 3 attempts: https://www.sec.gov/files/company_tickers.json: HTTP Error 403: Forbidden,,,0.00,,,2026-06-10T10:21:49+00:00
15,Cardinal Health,2024,sec_source_fetch_failed,RuntimeError,SEC source fetch failed before CIK matching: RuntimeError: Request failed after 3 attempts: https://www.sec.gov/files/company_tickers.json: HTTP Error 403: Forbidden,,,0.00,,,2026-06-10T10:21:49+00:00
15,Cardinal Health,2023,sec_source_fetch_failed,RuntimeError,SEC source fetch failed before CIK matching: RuntimeError: Request failed after 3 attempts: https://www.sec.gov/files/company_tickers.json: HTTP Error 403: Forbidden,,,0.00,,,2026-06-10T10:21:49+00:00
16,Nvidia,2025,sec_source_fetch_failed,RuntimeError,SEC source fetch failed before CIK matching: RuntimeError: Request failed after 3 attempts: https://www.sec.gov/files/company_tickers.json: HTTP Error 403: Forbidden,,,0.00,,,2026-06-10T10:21:49+00:00
16,Nvidia,2024,sec_source_fetch_failed,RuntimeError,SEC source fetch failed before CIK matching: RuntimeError: Request failed after 3 attempts: https://www.sec.gov/files/company_tickers.json: HTTP Error 403: Forbidden,,,0.00,,,2026-06-10T10:21:49+00:00
16,Nvidia,2023,sec_source_fetch_failed,RuntimeError,SEC source fetch failed before CIK matching: RuntimeError: Request failed after 3 attempts: https://www.sec.gov/files/company_tickers.json: HTTP Error 403: Forbidden,,,0.00,,,2026-06-10T10:21:49+00:00
17,Meta Platforms,2025,sec_source_fetch_failed,RuntimeError,SEC source fetch failed before CIK matching: RuntimeError: Request failed after 3 attempts: https://www.sec.gov/files/company_tickers.json: HTTP Error 403: Forbidden,,,0.00,,,2026-06-10T10:21:49+00:00
17,Meta Platforms,2024,sec_source_fetch_failed,RuntimeError,SEC source fetch failed before CIK matching: RuntimeError: Request failed after 3 attempts: https://www.sec.gov/files/company_tickers.json: HTTP Error 403: Forbidden,,,0.00,,,2026-06-10T10:21:49+00:00
17,Meta Platforms,2023,sec_source_fetch_failed,RuntimeError,SEC source fetch failed before CIK matching: RuntimeError: Request failed after 3 attempts: https://www.sec.gov/files/company_tickers.json: HTTP Error 403: Forbidden,,,0.00,,,2026-06-10T10:21:49+00:00
18,Elevance Health,2025,sec_source_fetch_failed,RuntimeError,SEC source fetch failed before CIK matching: RuntimeError: Request failed after 3 attempts: https://www.sec.gov/files/company_tickers.json: HTTP Error 403: Forbidden,,,0.00,,,2026-06-10T10:21:49+00:00
18,Elevance Health,2024,sec_source_fetch_failed,RuntimeError,SEC source fetch failed before CIK matching: RuntimeError: Request failed after 3 attempts: https://www.sec.gov/files/company_tickers.json: HTTP Error 403: Forbidden,,,0.00,,,2026-06-10T10:21:49+00:00
18,Elevance Health,2023,sec_source_fetch_failed,RuntimeError,SEC source fetch failed before CIK matching: RuntimeError: Request failed after 3 attempts: https://www.sec.gov/files/company_tickers.json: HTTP Error 403: Forbidden,,,0.00,,,2026-06-10T10:21:49+00:00
19,Centene,2025,sec_source_fetch_failed,RuntimeError,SEC source fetch failed before CIK matching: RuntimeError: Request failed after 3 attempts: https://www.sec.gov/files/company_tickers.json: HTTP Error 403: Forbidden,,,0.00,,,2026-06-10T10:21:49+00:00
19,Centene,2024,sec_source_fetch_failed,RuntimeError,SEC source fetch failed before CIK matching: RuntimeError: Request failed after 3 attempts: https://www.sec.gov/files/company_tickers.json: HTTP Error 403: Forbidden,,,0.00,,,2026-06-10T10:21:49+00:00
19,Centene,2023,sec_source_fetch_failed,RuntimeError,SEC source fetch failed before CIK matching: RuntimeError: Request failed after 3 attempts: https://www.sec.gov/files/company_tickers.json: HTTP Error 403: Forbidden,,,0.00,,,2026-06-10T10:21:49+00:00
20,Bank of America,2025,sec_source_fetch_failed,RuntimeError,SEC source fetch failed before CIK matching: RuntimeError: Request failed after 3 attempts: https://www.sec.gov/files/company_tickers.json: HTTP Error 403: Forbidden,,,0.00,,,2026-06-10T10:21:49+00:00
20,Bank of America,2024,sec_source_fetch_failed,RuntimeError,SEC source fetch failed before CIK matching: RuntimeError: Request failed after 3 attempts: https://www.sec.gov/files/company_tickers.json: HTTP Error 403: Forbidden,,,0.00,,,2026-06-10T10:21:49+00:00
20,Bank of America,2023,sec_source_fetch_failed,RuntimeError,SEC source fetch failed before CIK matching: RuntimeError: Request failed after 3 attempts: https://www.sec.gov/files/company_tickers.json: HTTP Error 403: Forbidden,,,0.00,,,2026-06-10T10:21:49+00:00
21,Chevron,2025,sec_source_fetch_failed,RuntimeError,SEC source fetch failed before CIK matching: RuntimeError: Request failed after 3 attempts: https://www.sec.gov/files/company_tickers.json: HTTP Error 403: Forbidden,,,0.00,,,2026-06-10T10:21:49+00:00
21,Chevron,2024,sec_source_fetch_failed,RuntimeError,SEC source fetch failed before CIK matching: RuntimeError: Request failed after 3 attempts: https://www.sec.gov/files/company_tickers.json: HTTP Error 403: Forbidden,,,0.00,,,2026-06-10T10:21:49+00:00
21,Chevron,2023,sec_source_fetch_failed,RuntimeError,SEC source fetch failed before CIK matching: RuntimeError: Request failed after 3 attempts: https://www.sec.gov/files/company_tickers.json: HTTP Error 403: Forbidden,,,0.00,,,2026-06-10T10:21:49+00:00
22,Ford Motor,2025,sec_source_fetch_failed,RuntimeError,SEC source fetch failed before CIK matching: RuntimeError: Request failed after 3 attempts: https://www.sec.gov/files/company_tickers.json: HTTP Error 403: Forbidden,,,0.00,,,2026-06-10T10:21:49+00:00
22,Ford Motor,2024,sec_source_fetch_failed,RuntimeError,SEC source fetch failed before CIK matching: RuntimeError: Request failed after 3 attempts: https://www.sec.gov/files/company_tickers.json: HTTP Error 403: Forbidden,,,0.00,,,2026-06-10T10:21:49+00:00
22,Ford Motor,2023,sec_source_fetch_failed,RuntimeError,SEC source fetch failed before CIK matching: RuntimeError: Request failed after 3 attempts: https://www.sec.gov/files/company_tickers.json: HTTP Error 403: Forbidden,,,0.00,,,2026-06-10T10:21:49+00:00
23,General Motors,2025,sec_source_fetch_failed,RuntimeError,SEC source fetch failed before CIK matching: RuntimeError: Request failed after 3 attempts: https://www.sec.gov/files/company_tickers.json: HTTP Error 403: Forbidden,,,0.00,,,2026-06-10T10:21:49+00:00
23,General Motors,2024,sec_source_fetch_failed,RuntimeError,SEC source fetch failed before CIK matching: RuntimeError: Request failed after 3 attempts: https://www.sec.gov/files/company_tickers.json: HTTP Error 403: Forbidden,,,0.00,,,2026-06-10T10:21:49+00:00
23,General Motors,2023,sec_source_fetch_failed,RuntimeError,SEC source fetch failed before CIK matching: RuntimeError: Request failed after 3 attempts: https://www.sec.gov/files/company_tickers.json: HTTP Error 403: Forbidden,,,0.00,,,2026-06-10T10:21:49+00:00
24,Citigroup,2025,sec_source_fetch_failed,RuntimeError,SEC source fetch failed before CIK matching: RuntimeError: Request failed after 3 attempts: https://www.sec.gov/files/company_tickers.json: HTTP Error 403: Forbidden,,,0.00,,,2026-06-10T10:21:49+00:00
24,Citigroup,2024,sec_source_fetch_failed,RuntimeError,SEC source fetch failed before CIK matching: RuntimeError: Request failed after 3 attempts: https://www.sec.gov/files/company_tickers.json: HTTP Error 403: Forbidden,,,0.00,,,2026-06-10T10:21:49+00:00
24,Citigroup,2023,sec_source_fetch_failed,RuntimeError,SEC source fetch failed before CIK matching: RuntimeError: Request failed after 3 attempts: https://www.sec.gov/files/company_tickers.json: HTTP Error 403: Forbidden,,,0.00,,,2026-06-10T10:21:49+00:00
25,Home Depot,2025,sec_source_fetch_failed,RuntimeError,SEC source fetch failed before CIK matching: RuntimeError: Request failed after 3 attempts: https://www.sec.gov/files/company_tickers.json: HTTP Error 403: Forbidden,,,0.00,,,2026-06-10T10:21:49+00:00
25,Home Depot,2024,sec_source_fetch_failed,RuntimeError,SEC source fetch failed before CIK matching: RuntimeError: Request failed after 3 attempts: https://www.sec.gov/files/company_tickers.json: HTTP Error 403: Forbidden,,,0.00,,,2026-06-10T10:21:49+00:00
25,Home Depot,2023,sec_source_fetch_failed,RuntimeError,SEC source fetch failed before CIK matching: RuntimeError: Request failed after 3 attempts: https://www.sec.gov/files/company_tickers.json: HTTP Error 403: Forbidden,,,0.00,,,2026-06-10T10:21:49+00:00
26,Fannie Mae,2025,sec_source_fetch_failed,RuntimeError,SEC source fetch failed before CIK matching: RuntimeError: Request failed after 3 attempts: https://www.sec.gov/files/company_tickers.json: HTTP Error 403: Forbidden,,,0.00,,,2026-06-10T10:21:49+00:00
26,Fannie Mae,2024,sec_source_fetch_failed,RuntimeError,SEC source fetch failed before CIK matching: RuntimeError: Request failed after 3 attempts: https://www.sec.gov/files/company_tickers.json: HTTP Error 403: Forbidden,,,0.00,,,2026-06-10T10:21:49+00:00
26,Fannie Mae,2023,sec_source_fetch_failed,RuntimeError,SEC source fetch failed before CIK matching: RuntimeError: Request failed after 3 attempts: https://www.sec.gov/files/company_tickers.json: HTTP Error 403: Forbidden,,,0.00,,,2026-06-10T10:21:49+00:00
27,Kroger,2025,sec_source_fetch_failed,RuntimeError,SEC source fetch failed before CIK matching: RuntimeError: Request failed after 3 attempts: https://www.sec.gov/files/company_tickers.json: HTTP Error 403: Forbidden,,,0.00,,,2026-06-10T10:21:49+00:00
27,Kroger,2024,sec_source_fetch_failed,RuntimeError,SEC source fetch failed before CIK matching: RuntimeError: Request failed after 3 attempts: https://www.sec.gov/files/company_tickers.json: HTTP Error 403: Forbidden,,,0.00,,,2026-06-10T10:21:49+00:00
27,Kroger,2023,sec_source_fetch_failed,RuntimeError,SEC source fetch failed before CIK matching: RuntimeError: Request failed after 3 attempts: https://www.sec.gov/files/company_tickers.json: HTTP Error 403: Forbidden,,,0.00,,,2026-06-10T10:21:49+00:00
28,Verizon Communications,2025,sec_source_fetch_failed,RuntimeError,SEC source fetch failed before CIK matching: RuntimeError: Request failed after 3 attempts: https://www.sec.gov/files/company_tickers.json: HTTP Error 403: Forbidden,,,0.00,,,2026-06-10T10:21:49+00:00
28,Verizon Communications,2024,sec_source_fetch_failed,RuntimeError,SEC source fetch failed before CIK matching: RuntimeError: Request failed after 3 attempts: https://www.sec.gov/files/company_tickers.json: HTTP Error 403: Forbidden,,,0.00,,,2026-06-10T10:21:49+00:00
28,Verizon Communications,2023,sec_source_fetch_failed,RuntimeError,SEC source fetch failed before CIK matching: RuntimeError: Request failed after 3 attempts: https://www.sec.gov/files/company_tickers.json: HTTP Error 403: Forbidden,,,0.00,,,2026-06-10T10:21:49+00:00
29,Phillips 66,2025,sec_source_fetch_failed,RuntimeError,SEC source fetch failed before CIK matching: RuntimeError: Request failed after 3 attempts: https://www.sec.gov/files/company_tickers.json: HTTP Error 403: Forbidden,,,0.00,,,2026-06-10T10:21:49+00:00
29,Phillips 66,2024,sec_source_fetch_failed,RuntimeError,SEC source fetch failed before CIK matching: RuntimeError: Request failed after 3 attempts: https://www.sec.gov/files/company_tickers.json: HTTP Error 403: Forbidden,,,0.00,,,2026-06-10T10:21:49+00:00
29,Phillips 66,2023,sec_source_fetch_failed,RuntimeError,SEC source fetch failed before CIK matching: RuntimeError: Request failed after 3 attempts: https://www.sec.gov/files/company_tickers.json: HTTP Error 403: Forbidden,,,0.00,,,2026-06-10T10:21:49+00:00
30,Marathon Petroleum,2025,sec_source_fetch_failed,RuntimeError,SEC source fetch failed before CIK matching: RuntimeError: Request failed after 3 attempts: https://www.sec.gov/files/company_tickers.json: HTTP Error 403: Forbidden,,,0.00,,,2026-06-10T10:21:49+00:00
30,Marathon Petroleum,2024,sec_source_fetch_failed,RuntimeError,SEC source fetch failed before CIK matching: RuntimeError: Request failed after 3 attempts: https://www.sec.gov/files/company_tickers.json: HTTP Error 403: Forbidden,,,0.00,,,2026-06-10T10:21:49+00:00
30,Marathon Petroleum,2023,sec_source_fetch_failed,RuntimeError,SEC source fetch failed before CIK matching: RuntimeError: Request failed after 3 attempts: https://www.sec.gov/files/company_tickers.json: HTTP Error 403: Forbidden,,,0.00,,,2026-06-10T10:21:49+00:00
31,StoneX Group,2025,sec_source_fetch_failed,RuntimeError,SEC source fetch failed before CIK matching: RuntimeError: Request failed after 3 attempts: https://www.sec.gov/files/company_tickers.json: HTTP Error 403: Forbidden,,,0.00,,,2026-06-10T10:21:49+00:00
31,StoneX Group,2024,sec_source_fetch_failed,RuntimeError,SEC source fetch failed before CIK matching: RuntimeError: Request failed after 3 attempts: https://www.sec.gov/files/company_tickers.json: HTTP Error 403: Forbidden,,,0.00,,,2026-06-10T10:21:49+00:00
31,StoneX Group,2023,sec_source_fetch_failed,RuntimeError,SEC source fetch failed before CIK matching: RuntimeError: Request failed after 3 attempts: https://www.sec.gov/files/company_tickers.json: HTTP Error 403: Forbidden,,,0.00,,,2026-06-10T10:21:49+00:00
32,State Farm Insurance,2025,sec_source_fetch_failed,RuntimeError,SEC source fetch failed before CIK matching: RuntimeError: Request failed after 3 attempts: https://www.sec.gov/files/company_tickers.json: HTTP Error 403: Forbidden,,,0.00,,,2026-06-10T10:21:49+00:00
32,State Farm Insurance,2024,sec_source_fetch_failed,RuntimeError,SEC source fetch failed before CIK matching: RuntimeError: Request failed after 3 attempts: https://www.sec.gov/files/company_tickers.json: HTTP Error 403: Forbidden,,,0.00,,,2026-06-10T10:21:49+00:00
32,State Farm Insurance,2023,sec_source_fetch_failed,RuntimeError,SEC source fetch failed before CIK matching: RuntimeError: Request failed after 3 attempts: https://www.sec.gov/files/company_tickers.json: HTTP Error 403: Forbidden,,,0.00,,,2026-06-10T10:21:49+00:00
33,Freddie Mac,2025,sec_source_fetch_failed,RuntimeError,SEC source fetch failed before CIK matching: RuntimeError: Request failed after 3 attempts: https://www.sec.gov/files/company_tickers.json: HTTP Error 403: Forbidden,,,0.00,,,2026-06-10T10:21:49+00:00
33,Freddie Mac,2024,sec_source_fetch_failed,RuntimeError,SEC source fetch failed before CIK matching: RuntimeError: Request failed after 3 attempts: https://www.sec.gov/files/company_tickers.json: HTTP Error 403: Forbidden,,,0.00,,,2026-06-10T10:21:49+00:00
33,Freddie Mac,2023,sec_source_fetch_failed,RuntimeError,SEC source fetch failed before CIK matching: RuntimeError: Request failed after 3 attempts: https://www.sec.gov/files/company_tickers.json: HTTP Error 403: Forbidden,,,0.00,,,2026-06-10T10:21:49+00:00
34,Humana,2025,sec_source_fetch_failed,RuntimeError,SEC source fetch failed before CIK matching: RuntimeError: Request failed after 3 attempts: https://www.sec.gov/files/company_tickers.json: HTTP Error 403: Forbidden,,,0.00,,,2026-06-10T10:21:49+00:00
34,Humana,2024,sec_source_fetch_failed,RuntimeError,SEC source fetch failed before CIK matching: RuntimeError: Request failed after 3 attempts: https://www.sec.gov/files/company_tickers.json: HTTP Error 403: Forbidden,,,0.00,,,2026-06-10T10:21:49+00:00
34,Humana,2023,sec_source_fetch_failed,RuntimeError,SEC source fetch failed before CIK matching: RuntimeError: Request failed after 3 attempts: https://www.sec.gov/files/company_tickers.json: HTTP Error 403: Forbidden,,,0.00,,,2026-06-10T10:21:49+00:00
35,AT&T,2025,sec_source_fetch_failed,RuntimeError,SEC source fetch failed before CIK matching: RuntimeError: Request failed after 3 attempts: https://www.sec.gov/files/company_tickers.json: HTTP Error 403: Forbidden,,,0.00,,,2026-06-10T10:21:49+00:00
35,AT&T,2024,sec_source_fetch_failed,RuntimeError,SEC source fetch failed before CIK matching: RuntimeError: Request failed after 3 attempts: https://www.sec.gov/files/company_tickers.json: HTTP Error 403: Forbidden,,,0.00,,,2026-06-10T10:21:49+00:00
35,AT&T,2023,sec_source_fetch_failed,RuntimeError,SEC source fetch failed before CIK matching: RuntimeError: Request failed after 3 attempts: https://www.sec.gov/files/company_tickers.json: HTTP Error 403: Forbidden,,,0.00,,,2026-06-10T10:21:49+00:00
36,Goldman Sachs Group,2025,sec_source_fetch_failed,RuntimeError,SEC source fetch failed before CIK matching: RuntimeError: Request failed after 3 attempts: https://www.sec.gov/files/company_tickers.json: HTTP Error 403: Forbidden,,,0.00,,,2026-06-10T10:21:49+00:00
36,Goldman Sachs Group,2024,sec_source_fetch_failed,RuntimeError,SEC source fetch failed before CIK matching: RuntimeError: Request failed after 3 attempts: https://www.sec.gov/files/company_tickers.json: HTTP Error 403: Forbidden,,,0.00,,,2026-06-10T10:21:49+00:00
36,Goldman Sachs Group,2023,sec_source_fetch_failed,RuntimeError,SEC source fetch failed before CIK matching: RuntimeError: Request failed after 3 attempts: https://www.sec.gov/files/company_tickers.json: HTTP Error 403: Forbidden,,,0.00,,,2026-06-10T10:21:49+00:00
37,Comcast,2025,sec_source_fetch_failed,RuntimeError,SEC source fetch failed before CIK matching: RuntimeError: Request failed after 3 attempts: https://www.sec.gov/files/company_tickers.json: HTTP Error 403: Forbidden,,,0.00,,,2026-06-10T10:21:49+00:00
37,Comcast,2024,sec_source_fetch_failed,RuntimeError,SEC source fetch failed before CIK matching: RuntimeError: Request failed after 3 attempts: https://www.sec.gov/files/company_tickers.json: HTTP Error 403: Forbidden,,,0.00,,,2026-06-10T10:21:49+00:00
37,Comcast,2023,sec_source_fetch_failed,RuntimeError,SEC source fetch failed before CIK matching: RuntimeError: Request failed after 3 attempts: https://www.sec.gov/files/company_tickers.json: HTTP Error 403: Forbidden,,,0.00,,,2026-06-10T10:21:49+00:00
38,Wells Fargo,2025,sec_source_fetch_failed,RuntimeError,SEC source fetch failed before CIK matching: RuntimeError: Request failed after 3 attempts: https://www.sec.gov/files/company_tickers.json: HTTP Error 403: Forbidden,,,0.00,,,2026-06-10T10:21:49+00:00
38,Wells Fargo,2024,sec_source_fetch_failed,RuntimeError,SEC source fetch failed before CIK matching: RuntimeError: Request failed after 3 attempts: https://www.sec.gov/files/company_tickers.json: HTTP Error 403: Forbidden,,,0.00,,,2026-06-10T10:21:49+00:00
38,Wells Fargo,2023,sec_source_fetch_failed,RuntimeError,SEC source fetch failed before CIK matching: RuntimeError: Request failed after 3 attempts: https://www.sec.gov/files/company_tickers.json: HTTP Error 403: Forbidden,,,0.00,,,2026-06-10T10:21:49+00:00
39,Morgan Stanley,2025,sec_source_fetch_failed,RuntimeError,SEC source fetch failed before CIK matching: RuntimeError: Request failed after 3 attempts: https://www.sec.gov/files/company_tickers.json: HTTP Error 403: Forbidden,,,0.00,,,2026-06-10T10:21:49+00:00
39,Morgan Stanley,2024,sec_source_fetch_failed,RuntimeError,SEC source fetch failed before CIK matching: RuntimeError: Request failed after 3 attempts: https://www.sec.gov/files/company_tickers.json: HTTP Error 403: Forbidden,,,0.00,,,2026-06-10T10:21:49+00:00
39,Morgan Stanley,2023,sec_source_fetch_failed,RuntimeError,SEC source fetch failed before CIK matching: RuntimeError: Request failed after 3 attempts: https://www.sec.gov/files/company_tickers.json: HTTP Error 403: Forbidden,,,0.00,,,2026-06-10T10:21:49+00:00
40,Valero Energy,2025,sec_source_fetch_failed,RuntimeError,SEC source fetch failed before CIK matching: RuntimeError: Request failed after 3 attempts: https://www.sec.gov/files/company_tickers.json: HTTP Error 403: Forbidden,,,0.00,,,2026-06-10T10:21:49+00:00
40,Valero Energy,2024,sec_source_fetch_failed,RuntimeError,SEC source fetch failed before CIK matching: RuntimeError: Request failed after 3 attempts: https://www.sec.gov/files/company_tickers.json: HTTP Error 403: Forbidden,,,0.00,,,2026-06-10T10:21:49+00:00
40,Valero Energy,2023,sec_source_fetch_failed,RuntimeError,SEC source fetch failed before CIK matching: RuntimeError: Request failed after 3 attempts: https://www.sec.gov/files/company_tickers.json: HTTP Error 403: Forbidden,,,0.00,,,2026-06-10T10:21:49+00:00
41,Dell Technologies,2025,sec_source_fetch_failed,RuntimeError,SEC source fetch failed before CIK matching: RuntimeError: Request failed after 3 attempts: https://www.sec.gov/files/company_tickers.json: HTTP Error 403: Forbidden,,,0.00,,,2026-06-10T10:21:49+00:00
41,Dell Technologies,2024,sec_source_fetch_failed,RuntimeError,SEC source fetch failed before CIK matching: RuntimeError: Request failed after 3 attempts: https://www.sec.gov/files/company_tickers.json: HTTP Error 403: Forbidden,,,0.00,,,2026-06-10T10:21:49+00:00
41,Dell Technologies,2023,sec_source_fetch_failed,RuntimeError,SEC source fetch failed before CIK matching: RuntimeError: Request failed after 3 attempts: https://www.sec.gov/files/company_tickers.json: HTTP Error 403: Forbidden,,,0.00,,,2026-06-10T10:21:49+00:00
42,Target,2025,sec_source_fetch_failed,RuntimeError,SEC source fetch failed before CIK matching: RuntimeError: Request failed after 3 attempts: https://www.sec.gov/files/company_tickers.json: HTTP Error 403: Forbidden,,,0.00,,,2026-06-10T10:21:49+00:00
42,Target,2024,sec_source_fetch_failed,RuntimeError,SEC source fetch failed before CIK matching: RuntimeError: Request failed after 3 attempts: https://www.sec.gov/files/company_tickers.json: HTTP Error 403: Forbidden,,,0.00,,,2026-06-10T10:21:49+00:00
42,Target,2023,sec_source_fetch_failed,RuntimeError,SEC source fetch failed before CIK matching: RuntimeError: Request failed after 3 attempts: https://www.sec.gov/files/company_tickers.json: HTTP Error 403: Forbidden,,,0.00,,,2026-06-10T10:21:49+00:00
43,Tesla,2025,sec_source_fetch_failed,RuntimeError,SEC source fetch failed before CIK matching: RuntimeError: Request failed after 3 attempts: https://www.sec.gov/files/company_tickers.json: HTTP Error 403: Forbidden,,,0.00,,,2026-06-10T10:21:49+00:00
43,Tesla,2024,sec_source_fetch_failed,RuntimeError,SEC source fetch failed before CIK matching: RuntimeError: Request failed after 3 attempts: https://www.sec.gov/files/company_tickers.json: HTTP Error 403: Forbidden,,,0.00,,,2026-06-10T10:21:49+00:00
43,Tesla,2023,sec_source_fetch_failed,RuntimeError,SEC source fetch failed before CIK matching: RuntimeError: Request failed after 3 attempts: https://www.sec.gov/files/company_tickers.json: HTTP Error 403: Forbidden,,,0.00,,,2026-06-10T10:21:49+00:00
44,Walt Disney,2025,sec_source_fetch_failed,RuntimeError,SEC source fetch failed before CIK matching: RuntimeError: Request failed after 3 attempts: https://www.sec.gov/files/company_tickers.json: HTTP Error 403: Forbidden,,,0.00,,,2026-06-10T10:21:49+00:00
44,Walt Disney,2024,sec_source_fetch_failed,RuntimeError,SEC source fetch failed before CIK matching: RuntimeError: Request failed after 3 attempts: https://www.sec.gov/files/company_tickers.json: HTTP Error 403: Forbidden,,,0.00,,,2026-06-10T10:21:49+00:00
44,Walt Disney,2023,sec_source_fetch_failed,RuntimeError,SEC source fetch failed before CIK matching: RuntimeError: Request failed after 3 attempts: https://www.sec.gov/files/company_tickers.json: HTTP Error 403: Forbidden,,,0.00,,,2026-06-10T10:21:49+00:00
45,Johnson & Johnson,2025,sec_source_fetch_failed,RuntimeError,SEC source fetch failed before CIK matching: RuntimeError: Request failed after 3 attempts: https://www.sec.gov/files/company_tickers.json: HTTP Error 403: Forbidden,,,0.00,,,2026-06-10T10:21:49+00:00
45,Johnson & Johnson,2024,sec_source_fetch_failed,RuntimeError,SEC source fetch failed before CIK matching: RuntimeError: Request failed after 3 attempts: https://www.sec.gov/files/company_tickers.json: HTTP Error 403: Forbidden,,,0.00,,,2026-06-10T10:21:49+00:00
45,Johnson & Johnson,2023,sec_source_fetch_failed,RuntimeError,SEC source fetch failed before CIK matching: RuntimeError: Request failed after 3 attempts: https://www.sec.gov/files/company_tickers.json: HTTP Error 403: Forbidden,,,0.00,,,2026-06-10T10:21:49+00:00
46,PepsiCo,2025,sec_source_fetch_failed,RuntimeError,SEC source fetch failed before CIK matching: RuntimeError: Request failed after 3 attempts: https://www.sec.gov/files/company_tickers.json: HTTP Error 403: Forbidden,,,0.00,,,2026-06-10T10:21:49+00:00
46,PepsiCo,2024,sec_source_fetch_failed,RuntimeError,SEC source fetch failed before CIK matching: RuntimeError: Request failed after 3 attempts: https://www.sec.gov/files/company_tickers.json: HTTP Error 403: Forbidden,,,0.00,,,2026-06-10T10:21:49+00:00
46,PepsiCo,2023,sec_source_fetch_failed,RuntimeError,SEC source fetch failed before CIK matching: RuntimeError: Request failed after 3 attempts: https://www.sec.gov/files/company_tickers.json: HTTP Error 403: Forbidden,,,0.00,,,2026-06-10T10:21:49+00:00
47,Boeing,2025,sec_source_fetch_failed,RuntimeError,SEC source fetch failed before CIK matching: RuntimeError: Request failed after 3 attempts: https://www.sec.gov/files/company_tickers.json: HTTP Error 403: Forbidden,,,0.00,,,2026-06-10T10:21:49+00:00
47,Boeing,2024,sec_source_fetch_failed,RuntimeError,SEC source fetch failed before CIK matching: RuntimeError: Request failed after 3 attempts: https://www.sec.gov/files/company_tickers.json: HTTP Error 403: Forbidden,,,0.00,,,2026-06-10T10:21:49+00:00
47,Boeing,2023,sec_source_fetch_failed,RuntimeError,SEC source fetch failed before CIK matching: RuntimeError: Request failed after 3 attempts: https://www.sec.gov/files/company_tickers.json: HTTP Error 403: Forbidden,,,0.00,,,2026-06-10T10:21:49+00:00
48,UPS,2025,sec_source_fetch_failed,RuntimeError,SEC source fetch failed before CIK matching: RuntimeError: Request failed after 3 attempts: https://www.sec.gov/files/company_tickers.json: HTTP Error 403: Forbidden,,,0.00,,,2026-06-10T10:21:49+00:00
48,UPS,2024,sec_source_fetch_failed,RuntimeError,SEC source fetch failed before CIK matching: RuntimeError: Request failed after 3 attempts: https://www.sec.gov/files/company_tickers.json: HTTP Error 403: Forbidden,,,0.00,,,2026-06-10T10:21:49+00:00
48,UPS,2023,sec_source_fetch_failed,RuntimeError,SEC source fetch failed before CIK matching: RuntimeError: Request failed after 3 attempts: https://www.sec.gov/files/company_tickers.json: HTTP Error 403: Forbidden,,,0.00,,,2026-06-10T10:21:49+00:00
49,RTX,2025,sec_source_fetch_failed,RuntimeError,SEC source fetch failed before CIK matching: RuntimeError: Request failed after 3 attempts: https://www.sec.gov/files/company_tickers.json: HTTP Error 403: Forbidden,,,0.00,,,2026-06-10T10:21:49+00:00
49,RTX,2024,sec_source_fetch_failed,RuntimeError,SEC source fetch failed before CIK matching: RuntimeError: Request failed after 3 attempts: https://www.sec.gov/files/company_tickers.json: HTTP Error 403: Forbidden,,,0.00,,,2026-06-10T10:21:49+00:00
49,RTX,2023,sec_source_fetch_failed,RuntimeError,SEC source fetch failed before CIK matching: RuntimeError: Request failed after 3 attempts: https://www.sec.gov/files/company_tickers.json: HTTP Error 403: Forbidden,,,0.00,,,2026-06-10T10:21:49+00:00
50,FedEx,2025,sec_source_fetch_failed,RuntimeError,SEC source fetch failed before CIK matching: RuntimeError: Request failed after 3 attempts: https://www.sec.gov/files/company_tickers.json: HTTP Error 403: Forbidden,,,0.00,,,2026-06-10T10:21:49+00:00
50,FedEx,2024,sec_source_fetch_failed,RuntimeError,SEC source fetch failed before CIK matching: RuntimeError: Request failed after 3 attempts: https://www.sec.gov/files/company_tickers.json: HTTP Error 403: Forbidden,,,0.00,,,2026-06-10T10:21:49+00:00
50,FedEx,2023,sec_source_fetch_failed,RuntimeError,SEC source fetch failed before CIK matching: RuntimeError: Request failed after 3 attempts: https://www.sec.gov/files/company_tickers.json: HTTP Error 403: Forbidden,,,0.00,,,2026-06-10T10:21:49+00:00
51,Progressive,2025,sec_source_fetch_failed,RuntimeError,SEC source fetch failed before CIK matching: RuntimeError: Request failed after 3 attempts: https://www.sec.gov/files/company_tickers.json: HTTP Error 403: Forbidden,,,0.00,,,2026-06-10T10:21:49+00:00
51,Progressive,2024,sec_source_fetch_failed,RuntimeError,SEC source fetch failed before CIK matching: RuntimeError: Request failed after 3 attempts: https://www.sec.gov/files/company_tickers.json: HTTP Error 403: Forbidden,,,0.00,,,2026-06-10T10:21:49+00:00
51,Progressive,2023,sec_source_fetch_failed,RuntimeError,SEC source fetch failed before CIK matching: RuntimeError: Request failed after 3 attempts: https://www.sec.gov/files/company_tickers.json: HTTP Error 403: Forbidden,,,0.00,,,2026-06-10T10:21:49+00:00
52,Lowe's,2025,sec_source_fetch_failed,RuntimeError,SEC source fetch failed before CIK matching: RuntimeError: Request failed after 3 attempts: https://www.sec.gov/files/company_tickers.json: HTTP Error 403: Forbidden,,,0.00,,,2026-06-10T10:21:49+00:00
52,Lowe's,2024,sec_source_fetch_failed,RuntimeError,SEC source fetch failed before CIK matching: RuntimeError: Request failed after 3 attempts: https://www.sec.gov/files/company_tickers.json: HTTP Error 403: Forbidden,,,0.00,,,2026-06-10T10:21:49+00:00
52,Lowe's,2023,sec_source_fetch_failed,RuntimeError,SEC source fetch failed before CIK matching: RuntimeError: Request failed after 3 attempts: https://www.sec.gov/files/company_tickers.json: HTTP Error 403: Forbidden,,,0.00,,,2026-06-10T10:21:49+00:00
53,Energy Transfer,2025,sec_source_fetch_failed,RuntimeError,SEC source fetch failed before CIK matching: RuntimeError: Request failed after 3 attempts: https://www.sec.gov/files/company_tickers.json: HTTP Error 403: Forbidden,,,0.00,,,2026-06-10T10:21:49+00:00
53,Energy Transfer,2024,sec_source_fetch_failed,RuntimeError,SEC source fetch failed before CIK matching: RuntimeError: Request failed after 3 attempts: https://www.sec.gov/files/company_tickers.json: HTTP Error 403: Forbidden,,,0.00,,,2026-06-10T10:21:49+00:00
53,Energy Transfer,2023,sec_source_fetch_failed,RuntimeError,SEC source fetch failed before CIK matching: RuntimeError: Request failed after 3 attempts: https://www.sec.gov/files/company_tickers.json: HTTP Error 403: Forbidden,,,0.00,,,2026-06-10T10:21:49+00:00
54,Procter & Gamble,2025,sec_source_fetch_failed,RuntimeError,SEC source fetch failed before CIK matching: RuntimeError: Request failed after 3 attempts: https://www.sec.gov/files/company_tickers.json: HTTP Error 403: Forbidden,,,0.00,,,2026-06-10T10:21:49+00:00
54,Procter & Gamble,2024,sec_source_fetch_failed,RuntimeError,SEC source fetch failed before CIK matching: RuntimeError: Request failed after 3 attempts: https://www.sec.gov/files/company_tickers.json: HTTP Error 403: Forbidden,,,0.00,,,2026-06-10T10:21:49+00:00
54,Procter & Gamble,2023,sec_source_fetch_failed,RuntimeError,SEC source fetch failed before CIK matching: RuntimeError: Request failed after 3 attempts: https://www.sec.gov/files/company_tickers.json: HTTP Error 403: Forbidden,,,0.00,,,2026-06-10T10:21:49+00:00
55,Sysco,2025,sec_source_fetch_failed,RuntimeError,SEC source fetch failed before CIK matching: RuntimeError: Request failed after 3 attempts: https://www.sec.gov/files/company_tickers.json: HTTP Error 403: Forbidden,,,0.00,,,2026-06-10T10:21:49+00:00
55,Sysco,2024,sec_source_fetch_failed,RuntimeError,SEC source fetch failed before CIK matching: RuntimeError: Request failed after 3 attempts: https://www.sec.gov/files/company_tickers.json: HTTP Error 403: Forbidden,,,0.00,,,2026-06-10T10:21:49+00:00
55,Sysco,2023,sec_source_fetch_failed,RuntimeError,SEC source fetch failed before CIK matching: RuntimeError: Request failed after 3 attempts: https://www.sec.gov/files/company_tickers.json: HTTP Error 403: Forbidden,,,0.00,,,2026-06-10T10:21:49+00:00
56,American Express,2025,sec_source_fetch_failed,RuntimeError,SEC source fetch failed before CIK matching: RuntimeError: Request failed after 3 attempts: https://www.sec.gov/files/company_tickers.json: HTTP Error 403: Forbidden,,,0.00,,,2026-06-10T10:21:49+00:00
56,American Express,2024,sec_source_fetch_failed,RuntimeError,SEC source fetch failed before CIK matching: RuntimeError: Request failed after 3 attempts: https://www.sec.gov/files/company_tickers.json: HTTP Error 403: Forbidden,,,0.00,,,2026-06-10T10:21:49+00:00
56,American Express,2023,sec_source_fetch_failed,RuntimeError,SEC source fetch failed before CIK matching: RuntimeError: Request failed after 3 attempts: https://www.sec.gov/files/company_tickers.json: HTTP Error 403: Forbidden,,,0.00,,,2026-06-10T10:21:49+00:00
57,Albertsons,2025,sec_source_fetch_failed,RuntimeError,SEC source fetch failed before CIK matching: RuntimeError: Request failed after 3 attempts: https://www.sec.gov/files/company_tickers.json: HTTP Error 403: Forbidden,,,0.00,,,2026-06-10T10:21:49+00:00
57,Albertsons,2024,sec_source_fetch_failed,RuntimeError,SEC source fetch failed before CIK matching: RuntimeError: Request failed after 3 attempts: https://www.sec.gov/files/company_tickers.json: HTTP Error 403: Forbidden,,,0.00,,,2026-06-10T10:21:49+00:00
57,Albertsons,2023,sec_source_fetch_failed,RuntimeError,SEC source fetch failed before CIK matching: RuntimeError: Request failed after 3 attempts: https://www.sec.gov/files/company_tickers.json: HTTP Error 403: Forbidden,,,0.00,,,2026-06-10T10:21:49+00:00
58,Archer Daniels Midland,2025,sec_source_fetch_failed,RuntimeError,SEC source fetch failed before CIK matching: RuntimeError: Request failed after 3 attempts: https://www.sec.gov/files/company_tickers.json: HTTP Error 403: Forbidden,,,0.00,,,2026-06-10T10:21:49+00:00
58,Archer Daniels Midland,2024,sec_source_fetch_failed,RuntimeError,SEC source fetch failed before CIK matching: RuntimeError: Request failed after 3 attempts: https://www.sec.gov/files/company_tickers.json: HTTP Error 403: Forbidden,,,0.00,,,2026-06-10T10:21:49+00:00
58,Archer Daniels Midland,2023,sec_source_fetch_failed,RuntimeError,SEC source fetch failed before CIK matching: RuntimeError: Request failed after 3 attempts: https://www.sec.gov/files/company_tickers.json: HTTP Error 403: Forbidden,,,0.00,,,2026-06-10T10:21:49+00:00
59,MetLife,2025,sec_source_fetch_failed,RuntimeError,SEC source fetch failed before CIK matching: RuntimeError: Request failed after 3 attempts: https://www.sec.gov/files/company_tickers.json: HTTP Error 403: Forbidden,,,0.00,,,2026-06-10T10:21:49+00:00
59,MetLife,2024,sec_source_fetch_failed,RuntimeError,SEC source fetch failed before CIK matching: RuntimeError: Request failed after 3 attempts: https://www.sec.gov/files/company_tickers.json: HTTP Error 403: Forbidden,,,0.00,,,2026-06-10T10:21:49+00:00
59,MetLife,2023,sec_source_fetch_failed,RuntimeError,SEC source fetch failed before CIK matching: RuntimeError: Request failed after 3 attempts: https://www.sec.gov/files/company_tickers.json: HTTP Error 403: Forbidden,,,0.00,,,2026-06-10T10:21:49+00:00
60,HCA Healthcare,2025,sec_source_fetch_failed,RuntimeError,SEC source fetch failed before CIK matching: RuntimeError: Request failed after 3 attempts: https://www.sec.gov/files/company_tickers.json: HTTP Error 403: Forbidden,,,0.00,,,2026-06-10T10:21:49+00:00
60,HCA Healthcare,2024,sec_source_fetch_failed,RuntimeError,SEC source fetch failed before CIK matching: RuntimeError: Request failed after 3 attempts: https://www.sec.gov/files/company_tickers.json: HTTP Error 403: Forbidden,,,0.00,,,2026-06-10T10:21:49+00:00
60,HCA Healthcare,2023,sec_source_fetch_failed,RuntimeError,SEC source fetch failed before CIK matching: RuntimeError: Request failed after 3 attempts: https://www.sec.gov/files/company_tickers.json: HTTP Error 403: Forbidden,,,0.00,,,2026-06-10T10:21:49+00:00
61,Lockheed Martin,2025,sec_source_fetch_failed,RuntimeError,SEC source fetch failed before CIK matching: RuntimeError: Request failed after 3 attempts: https://www.sec.gov/files/company_tickers.json: HTTP Error 403: Forbidden,,,0.00,,,2026-06-10T10:21:49+00:00
61,Lockheed Martin,2024,sec_source_fetch_failed,RuntimeError,SEC source fetch failed before CIK matching: RuntimeError: Request failed after 3 attempts: https://www.sec.gov/files/company_tickers.json: HTTP Error 403: Forbidden,,,0.00,,,2026-06-10T10:21:49+00:00
61,Lockheed Martin,2023,sec_source_fetch_failed,RuntimeError,SEC source fetch failed before CIK matching: RuntimeError: Request failed after 3 attempts: https://www.sec.gov/files/company_tickers.json: HTTP Error 403: Forbidden,,,0.00,,,2026-06-10T10:21:49+00:00
62,New York Life Insurance,2025,sec_source_fetch_failed,RuntimeError,SEC source fetch failed before CIK matching: RuntimeError: Request failed after 3 attempts: https://www.sec.gov/files/company_tickers.json: HTTP Error 403: Forbidden,,,0.00,,,2026-06-10T10:21:49+00:00
62,New York Life Insurance,2024,sec_source_fetch_failed,RuntimeError,SEC source fetch failed before CIK matching: RuntimeError: Request failed after 3 attempts: https://www.sec.gov/files/company_tickers.json: HTTP Error 403: Forbidden,,,0.00,,,2026-06-10T10:21:49+00:00
62,New York Life Insurance,2023,sec_source_fetch_failed,RuntimeError,SEC source fetch failed before CIK matching: RuntimeError: Request failed after 3 attempts: https://www.sec.gov/files/company_tickers.json: HTTP Error 403: Forbidden,,,0.00,,,2026-06-10T10:21:49+00:00
63,Capital One Financial,2025,sec_source_fetch_failed,RuntimeError,SEC source fetch failed before CIK matching: RuntimeError: Request failed after 3 attempts: https://www.sec.gov/files/company_tickers.json: HTTP Error 403: Forbidden,,,0.00,,,2026-06-10T10:21:49+00:00
63,Capital One Financial,2024,sec_source_fetch_failed,RuntimeError,SEC source fetch failed before CIK matching: RuntimeError: Request failed after 3 attempts: https://www.sec.gov/files/company_tickers.json: HTTP Error 403: Forbidden,,,0.00,,,2026-06-10T10:21:49+00:00
63,Capital One Financial,2023,sec_source_fetch_failed,RuntimeError,SEC source fetch failed before CIK matching: RuntimeError: Request failed after 3 attempts: https://www.sec.gov/files/company_tickers.json: HTTP Error 403: Forbidden,,,0.00,,,2026-06-10T10:21:49+00:00
64,Allstate,2025,sec_source_fetch_failed,RuntimeError,SEC source fetch failed before CIK matching: RuntimeError: Request failed after 3 attempts: https://www.sec.gov/files/company_tickers.json: HTTP Error 403: Forbidden,,,0.00,,,2026-06-10T10:21:49+00:00
64,Allstate,2024,sec_source_fetch_failed,RuntimeError,SEC source fetch failed before CIK matching: RuntimeError: Request failed after 3 attempts: https://www.sec.gov/files/company_tickers.json: HTTP Error 403: Forbidden,,,0.00,,,2026-06-10T10:21:49+00:00
64,Allstate,2023,sec_source_fetch_failed,RuntimeError,SEC source fetch failed before CIK matching: RuntimeError: Request failed after 3 attempts: https://www.sec.gov/files/company_tickers.json: HTTP Error 403: Forbidden,,,0.00,,,2026-06-10T10:21:49+00:00
65,Caterpillar,2025,sec_source_fetch_failed,RuntimeError,SEC source fetch failed before CIK matching: RuntimeError: Request failed after 3 attempts: https://www.sec.gov/files/company_tickers.json: HTTP Error 403: Forbidden,,,0.00,,,2026-06-10T10:21:49+00:00
65,Caterpillar,2024,sec_source_fetch_failed,RuntimeError,SEC source fetch failed before CIK matching: RuntimeError: Request failed after 3 attempts: https://www.sec.gov/files/company_tickers.json: HTTP Error 403: Forbidden,,,0.00,,,2026-06-10T10:21:49+00:00
65,Caterpillar,2023,sec_source_fetch_failed,RuntimeError,SEC source fetch failed before CIK matching: RuntimeError: Request failed after 3 attempts: https://www.sec.gov/files/company_tickers.json: HTTP Error 403: Forbidden,,,0.00,,,2026-06-10T10:21:49+00:00
66,IBM,2025,sec_source_fetch_failed,RuntimeError,SEC source fetch failed before CIK matching: RuntimeError: Request failed after 3 attempts: https://www.sec.gov/files/company_tickers.json: HTTP Error 403: Forbidden,,,0.00,,,2026-06-10T10:21:49+00:00
66,IBM,2024,sec_source_fetch_failed,RuntimeError,SEC source fetch failed before CIK matching: RuntimeError: Request failed after 3 attempts: https://www.sec.gov/files/company_tickers.json: HTTP Error 403: Forbidden,,,0.00,,,2026-06-10T10:21:49+00:00
66,IBM,2023,sec_source_fetch_failed,RuntimeError,SEC source fetch failed before CIK matching: RuntimeError: Request failed after 3 attempts: https://www.sec.gov/files/company_tickers.json: HTTP Error 403: Forbidden,,,0.00,,,2026-06-10T10:21:49+00:00
67,Eli Lilly,2025,sec_source_fetch_failed,RuntimeError,SEC source fetch failed before CIK matching: RuntimeError: Request failed after 3 attempts: https://www.sec.gov/files/company_tickers.json: HTTP Error 403: Forbidden,,,0.00,,,2026-06-10T10:21:49+00:00
67,Eli Lilly,2024,sec_source_fetch_failed,RuntimeError,SEC source fetch failed before CIK matching: RuntimeError: Request failed after 3 attempts: https://www.sec.gov/files/company_tickers.json: HTTP Error 403: Forbidden,,,0.00,,,2026-06-10T10:21:49+00:00
67,Eli Lilly,2023,sec_source_fetch_failed,RuntimeError,SEC source fetch failed before CIK matching: RuntimeError: Request failed after 3 attempts: https://www.sec.gov/files/company_tickers.json: HTTP Error 403: Forbidden,,,0.00,,,2026-06-10T10:21:49+00:00
68,Merck,2025,sec_source_fetch_failed,RuntimeError,SEC source fetch failed before CIK matching: RuntimeError: Request failed after 3 attempts: https://www.sec.gov/files/company_tickers.json: HTTP Error 403: Forbidden,,,0.00,,,2026-06-10T10:21:49+00:00
68,Merck,2024,sec_source_fetch_failed,RuntimeError,SEC source fetch failed before CIK matching: RuntimeError: Request failed after 3 attempts: https://www.sec.gov/files/company_tickers.json: HTTP Error 403: Forbidden,,,0.00,,,2026-06-10T10:21:49+00:00
68,Merck,2023,sec_source_fetch_failed,RuntimeError,SEC source fetch failed before CIK matching: RuntimeError: Request failed after 3 attempts: https://www.sec.gov/files/company_tickers.json: HTTP Error 403: Forbidden,,,0.00,,,2026-06-10T10:21:49+00:00
69,Nationwide,2025,sec_source_fetch_failed,RuntimeError,SEC source fetch failed before CIK matching: RuntimeError: Request failed after 3 attempts: https://www.sec.gov/files/company_tickers.json: HTTP Error 403: Forbidden,,,0.00,,,2026-06-10T10:21:49+00:00
69,Nationwide,2024,sec_source_fetch_failed,RuntimeError,SEC source fetch failed before CIK matching: RuntimeError: Request failed after 3 attempts: https://www.sec.gov/files/company_tickers.json: HTTP Error 403: Forbidden,,,0.00,,,2026-06-10T10:21:49+00:00
69,Nationwide,2023,sec_source_fetch_failed,RuntimeError,SEC source fetch failed before CIK matching: RuntimeError: Request failed after 3 attempts: https://www.sec.gov/files/company_tickers.json: HTTP Error 403: Forbidden,,,0.00,,,2026-06-10T10:21:49+00:00
70,Broadcom,2025,sec_source_fetch_failed,RuntimeError,SEC source fetch failed before CIK matching: RuntimeError: Request failed after 3 attempts: https://www.sec.gov/files/company_tickers.json: HTTP Error 403: Forbidden,,,0.00,,,2026-06-10T10:21:49+00:00
70,Broadcom,2024,sec_source_fetch_failed,RuntimeError,SEC source fetch failed before CIK matching: RuntimeError: Request failed after 3 attempts: https://www.sec.gov/files/company_tickers.json: HTTP Error 403: Forbidden,,,0.00,,,2026-06-10T10:21:49+00:00
70,Broadcom,2023,sec_source_fetch_failed,RuntimeError,SEC source fetch failed before CIK matching: RuntimeError: Request failed after 3 attempts: https://www.sec.gov/files/company_tickers.json: HTTP Error 403: Forbidden,,,0.00,,,2026-06-10T10:21:49+00:00
71,Delta Air Lines,2025,sec_source_fetch_failed,RuntimeError,SEC source fetch failed before CIK matching: RuntimeError: Request failed after 3 attempts: https://www.sec.gov/files/company_tickers.json: HTTP Error 403: Forbidden,,,0.00,,,2026-06-10T10:21:49+00:00
71,Delta Air Lines,2024,sec_source_fetch_failed,RuntimeError,SEC source fetch failed before CIK matching: RuntimeError: Request failed after 3 attempts: https://www.sec.gov/files/company_tickers.json: HTTP Error 403: Forbidden,,,0.00,,,2026-06-10T10:21:49+00:00
71,Delta Air Lines,2023,sec_source_fetch_failed,RuntimeError,SEC source fetch failed before CIK matching: RuntimeError: Request failed after 3 attempts: https://www.sec.gov/files/company_tickers.json: HTTP Error 403: Forbidden,,,0.00,,,2026-06-10T10:21:49+00:00
72,Publix Super Markets,2025,sec_source_fetch_failed,RuntimeError,SEC source fetch failed before CIK matching: RuntimeError: Request failed after 3 attempts: https://www.sec.gov/files/company_tickers.json: HTTP Error 403: Forbidden,,,0.00,,,2026-06-10T10:21:49+00:00
72,Publix Super Markets,2024,sec_source_fetch_failed,RuntimeError,SEC source fetch failed before CIK matching: RuntimeError: Request failed after 3 attempts: https://www.sec.gov/files/company_tickers.json: HTTP Error 403: Forbidden,,,0.00,,,2026-06-10T10:21:49+00:00
72,Publix Super Markets,2023,sec_source_fetch_failed,RuntimeError,SEC source fetch failed before CIK matching: RuntimeError: Request failed after 3 attempts: https://www.sec.gov/files/company_tickers.json: HTTP Error 403: Forbidden,,,0.00,,,2026-06-10T10:21:49+00:00
73,Pfizer,2025,sec_source_fetch_failed,RuntimeError,SEC source fetch failed before CIK matching: RuntimeError: Request failed after 3 attempts: https://www.sec.gov/files/company_tickers.json: HTTP Error 403: Forbidden,,,0.00,,,2026-06-10T10:21:49+00:00
73,Pfizer,2024,sec_source_fetch_failed,RuntimeError,SEC source fetch failed before CIK matching: RuntimeError: Request failed after 3 attempts: https://www.sec.gov/files/company_tickers.json: HTTP Error 403: Forbidden,,,0.00,,,2026-06-10T10:21:49+00:00
73,Pfizer,2023,sec_source_fetch_failed,RuntimeError,SEC source fetch failed before CIK matching: RuntimeError: Request failed after 3 attempts: https://www.sec.gov/files/company_tickers.json: HTTP Error 403: Forbidden,,,0.00,,,2026-06-10T10:21:49+00:00
74,TD Synnex,2025,sec_source_fetch_failed,RuntimeError,SEC source fetch failed before CIK matching: RuntimeError: Request failed after 3 attempts: https://www.sec.gov/files/company_tickers.json: HTTP Error 403: Forbidden,,,0.00,,,2026-06-10T10:21:49+00:00
74,TD Synnex,2024,sec_source_fetch_failed,RuntimeError,SEC source fetch failed before CIK matching: RuntimeError: Request failed after 3 attempts: https://www.sec.gov/files/company_tickers.json: HTTP Error 403: Forbidden,,,0.00,,,2026-06-10T10:21:49+00:00
74,TD Synnex,2023,sec_source_fetch_failed,RuntimeError,SEC source fetch failed before CIK matching: RuntimeError: Request failed after 3 attempts: https://www.sec.gov/files/company_tickers.json: HTTP Error 403: Forbidden,,,0.00,,,2026-06-10T10:21:49+00:00
75,ConocoPhillips,2025,sec_source_fetch_failed,RuntimeError,SEC source fetch failed before CIK matching: RuntimeError: Request failed after 3 attempts: https://www.sec.gov/files/company_tickers.json: HTTP Error 403: Forbidden,,,0.00,,,2026-06-10T10:21:49+00:00
75,ConocoPhillips,2024,sec_source_fetch_failed,RuntimeError,SEC source fetch failed before CIK matching: RuntimeError: Request failed after 3 attempts: https://www.sec.gov/files/company_tickers.json: HTTP Error 403: Forbidden,,,0.00,,,2026-06-10T10:21:49+00:00
75,ConocoPhillips,2023,sec_source_fetch_failed,RuntimeError,SEC source fetch failed before CIK matching: RuntimeError: Request failed after 3 attempts: https://www.sec.gov/files/company_tickers.json: HTTP Error 403: Forbidden,,,0.00,,,2026-06-10T10:21:49+00:00
76,Galaxy Digital,2025,sec_source_fetch_failed,RuntimeError,SEC source fetch failed before CIK matching: RuntimeError: Request failed after 3 attempts: https://www.sec.gov/files/company_tickers.json: HTTP Error 403: Forbidden,,,0.00,,,2026-06-10T10:21:49+00:00
76,Galaxy Digital,2024,sec_source_fetch_failed,RuntimeError,SEC source fetch failed before CIK matching: RuntimeError: Request failed after 3 attempts: https://www.sec.gov/files/company_tickers.json: HTTP Error 403: Forbidden,,,0.00,,,2026-06-10T10:21:49+00:00
76,Galaxy Digital,2023,sec_source_fetch_failed,RuntimeError,SEC source fetch failed before CIK matching: RuntimeError: Request failed after 3 attempts: https://www.sec.gov/files/company_tickers.json: HTTP Error 403: Forbidden,,,0.00,,,2026-06-10T10:21:49+00:00
77,AbbVie,2025,sec_source_fetch_failed,RuntimeError,SEC source fetch failed before CIK matching: RuntimeError: Request failed after 3 attempts: https://www.sec.gov/files/company_tickers.json: HTTP Error 403: Forbidden,,,0.00,,,2026-06-10T10:21:49+00:00
77,AbbVie,2024,sec_source_fetch_failed,RuntimeError,SEC source fetch failed before CIK matching: RuntimeError: Request failed after 3 attempts: https://www.sec.gov/files/company_tickers.json: HTTP Error 403: Forbidden,,,0.00,,,2026-06-10T10:21:49+00:00
77,AbbVie,2023,sec_source_fetch_failed,RuntimeError,SEC source fetch failed before CIK matching: RuntimeError: Request failed after 3 attempts: https://www.sec.gov/files/company_tickers.json: HTTP Error 403: Forbidden,,,0.00,,,2026-06-10T10:21:49+00:00
78,Prudential Financial,2025,sec_source_fetch_failed,RuntimeError,SEC source fetch failed before CIK matching: RuntimeError: Request failed after 3 attempts: https://www.sec.gov/files/company_tickers.json: HTTP Error 403: Forbidden,,,0.00,,,2026-06-10T10:21:49+00:00
78,Prudential Financial,2024,sec_source_fetch_failed,RuntimeError,SEC source fetch failed before CIK matching: RuntimeError: Request failed after 3 attempts: https://www.sec.gov/files/company_tickers.json: HTTP Error 403: Forbidden,,,0.00,,,2026-06-10T10:21:49+00:00
78,Prudential Financial,2023,sec_source_fetch_failed,RuntimeError,SEC source fetch failed before CIK matching: RuntimeError: Request failed after 3 attempts: https://www.sec.gov/files/company_tickers.json: HTTP Error 403: Forbidden,,,0.00,,,2026-06-10T10:21:49+00:00
79,TJX,2025,sec_source_fetch_failed,RuntimeError,SEC source fetch failed before CIK matching: RuntimeError: Request failed after 3 attempts: https://www.sec.gov/files/company_tickers.json: HTTP Error 403: Forbidden,,,0.00,,,2026-06-10T10:21:49+00:00
79,TJX,2024,sec_source_fetch_failed,RuntimeError,SEC source fetch failed before CIK matching: RuntimeError: Request failed after 3 attempts: https://www.sec.gov/files/company_tickers.json: HTTP Error 403: Forbidden,,,0.00,,,2026-06-10T10:21:49+00:00
79,TJX,2023,sec_source_fetch_failed,RuntimeError,SEC source fetch failed before CIK matching: RuntimeError: Request failed after 3 attempts: https://www.sec.gov/files/company_tickers.json: HTTP Error 403: Forbidden,,,0.00,,,2026-06-10T10:21:49+00:00
80,Performance Food Group,2025,sec_source_fetch_failed,RuntimeError,SEC source fetch failed before CIK matching: RuntimeError: Request failed after 3 attempts: https://www.sec.gov/files/company_tickers.json: HTTP Error 403: Forbidden,,,0.00,,,2026-06-10T10:21:49+00:00
80,Performance Food Group,2024,sec_source_fetch_failed,RuntimeError,SEC source fetch failed before CIK matching: RuntimeError: Request failed after 3 attempts: https://www.sec.gov/files/company_tickers.json: HTTP Error 403: Forbidden,,,0.00,,,2026-06-10T10:21:49+00:00
80,Performance Food Group,2023,sec_source_fetch_failed,RuntimeError,SEC source fetch failed before CIK matching: RuntimeError: Request failed after 3 attempts: https://www.sec.gov/files/company_tickers.json: HTTP Error 403: Forbidden,,,0.00,,,2026-06-10T10:21:49+00:00
81,United Airlines Holdings,2025,sec_source_fetch_failed,RuntimeError,SEC source fetch failed before CIK matching: RuntimeError: Request failed after 3 attempts: https://www.sec.gov/files/company_tickers.json: HTTP Error 403: Forbidden,,,0.00,,,2026-06-10T10:21:49+00:00
81,United Airlines Holdings,2024,sec_source_fetch_failed,RuntimeError,SEC source fetch failed before CIK matching: RuntimeError: Request failed after 3 attempts: https://www.sec.gov/files/company_tickers.json: HTTP Error 403: Forbidden,,,0.00,,,2026-06-10T10:21:49+00:00
81,United Airlines Holdings,2023,sec_source_fetch_failed,RuntimeError,SEC source fetch failed before CIK matching: RuntimeError: Request failed after 3 attempts: https://www.sec.gov/files/company_tickers.json: HTTP Error 403: Forbidden,,,0.00,,,2026-06-10T10:21:49+00:00
82,Oracle,2025,sec_source_fetch_failed,RuntimeError,SEC source fetch failed before CIK matching: RuntimeError: Request failed after 3 attempts: https://www.sec.gov/files/company_tickers.json: HTTP Error 403: Forbidden,,,0.00,,,2026-06-10T10:21:49+00:00
82,Oracle,2024,sec_source_fetch_failed,RuntimeError,SEC source fetch failed before CIK matching: RuntimeError: Request failed after 3 attempts: https://www.sec.gov/files/company_tickers.json: HTTP Error 403: Forbidden,,,0.00,,,2026-06-10T10:21:49+00:00
82,Oracle,2023,sec_source_fetch_failed,RuntimeError,SEC source fetch failed before CIK matching: RuntimeError: Request failed after 3 attempts: https://www.sec.gov/files/company_tickers.json: HTTP Error 403: Forbidden,,,0.00,,,2026-06-10T10:21:49+00:00
83,Cisco Systems,2025,sec_source_fetch_failed,RuntimeError,SEC source fetch failed before CIK matching: RuntimeError: Request failed after 3 attempts: https://www.sec.gov/files/company_tickers.json: HTTP Error 403: Forbidden,,,0.00,,,2026-06-10T10:21:49+00:00
83,Cisco Systems,2024,sec_source_fetch_failed,RuntimeError,SEC source fetch failed before CIK matching: RuntimeError: Request failed after 3 attempts: https://www.sec.gov/files/company_tickers.json: HTTP Error 403: Forbidden,,,0.00,,,2026-06-10T10:21:49+00:00
83,Cisco Systems,2023,sec_source_fetch_failed,RuntimeError,SEC source fetch failed before CIK matching: RuntimeError: Request failed after 3 attempts: https://www.sec.gov/files/company_tickers.json: HTTP Error 403: Forbidden,,,0.00,,,2026-06-10T10:21:49+00:00
84,HP,2025,sec_source_fetch_failed,RuntimeError,SEC source fetch failed before CIK matching: RuntimeError: Request failed after 3 attempts: https://www.sec.gov/files/company_tickers.json: HTTP Error 403: Forbidden,,,0.00,,,2026-06-10T10:21:49+00:00
84,HP,2024,sec_source_fetch_failed,RuntimeError,SEC source fetch failed before CIK matching: RuntimeError: Request failed after 3 attempts: https://www.sec.gov/files/company_tickers.json: HTTP Error 403: Forbidden,,,0.00,,,2026-06-10T10:21:49+00:00
84,HP,2023,sec_source_fetch_failed,RuntimeError,SEC source fetch failed before CIK matching: RuntimeError: Request failed after 3 attempts: https://www.sec.gov/files/company_tickers.json: HTTP Error 403: Forbidden,,,0.00,,,2026-06-10T10:21:49+00:00
85,Charter Communications,2025,sec_source_fetch_failed,RuntimeError,SEC source fetch failed before CIK matching: RuntimeError: Request failed after 3 attempts: https://www.sec.gov/files/company_tickers.json: HTTP Error 403: Forbidden,,,0.00,,,2026-06-10T10:21:49+00:00
85,Charter Communications,2024,sec_source_fetch_failed,RuntimeError,SEC source fetch failed before CIK matching: RuntimeError: Request failed after 3 attempts: https://www.sec.gov/files/company_tickers.json: HTTP Error 403: Forbidden,,,0.00,,,2026-06-10T10:21:49+00:00
85,Charter Communications,2023,sec_source_fetch_failed,RuntimeError,SEC source fetch failed before CIK matching: RuntimeError: Request failed after 3 attempts: https://www.sec.gov/files/company_tickers.json: HTTP Error 403: Forbidden,,,0.00,,,2026-06-10T10:21:49+00:00
86,American Airlines Group,2025,sec_source_fetch_failed,RuntimeError,SEC source fetch failed before CIK matching: RuntimeError: Request failed after 3 attempts: https://www.sec.gov/files/company_tickers.json: HTTP Error 403: Forbidden,,,0.00,,,2026-06-10T10:21:49+00:00
86,American Airlines Group,2024,sec_source_fetch_failed,RuntimeError,SEC source fetch failed before CIK matching: RuntimeError: Request failed after 3 attempts: https://www.sec.gov/files/company_tickers.json: HTTP Error 403: Forbidden,,,0.00,,,2026-06-10T10:21:49+00:00
86,American Airlines Group,2023,sec_source_fetch_failed,RuntimeError,SEC source fetch failed before CIK matching: RuntimeError: Request failed after 3 attempts: https://www.sec.gov/files/company_tickers.json: HTTP Error 403: Forbidden,,,0.00,,,2026-06-10T10:21:49+00:00
87,Tyson Foods,2025,sec_source_fetch_failed,RuntimeError,SEC source fetch failed before CIK matching: RuntimeError: Request failed after 3 attempts: https://www.sec.gov/files/company_tickers.json: HTTP Error 403: Forbidden,,,0.00,,,2026-06-10T10:21:49+00:00
87,Tyson Foods,2024,sec_source_fetch_failed,RuntimeError,SEC source fetch failed before CIK matching: RuntimeError: Request failed after 3 attempts: https://www.sec.gov/files/company_tickers.json: HTTP Error 403: Forbidden,,,0.00,,,2026-06-10T10:21:49+00:00
87,Tyson Foods,2023,sec_source_fetch_failed,RuntimeError,SEC source fetch failed before CIK matching: RuntimeError: Request failed after 3 attempts: https://www.sec.gov/files/company_tickers.json: HTTP Error 403: Forbidden,,,0.00,,,2026-06-10T10:21:49+00:00
88,Intel,2025,sec_source_fetch_failed,RuntimeError,SEC source fetch failed before CIK matching: RuntimeError: Request failed after 3 attempts: https://www.sec.gov/files/company_tickers.json: HTTP Error 403: Forbidden,,,0.00,,,2026-06-10T10:21:49+00:00
88,Intel,2024,sec_source_fetch_failed,RuntimeError,SEC source fetch failed before CIK matching: RuntimeError: Request failed after 3 attempts: https://www.sec.gov/files/company_tickers.json: HTTP Error 403: Forbidden,,,0.00,,,2026-06-10T10:21:49+00:00
88,Intel,2023,sec_source_fetch_failed,RuntimeError,SEC source fetch failed before CIK matching: RuntimeError: Request failed after 3 attempts: https://www.sec.gov/files/company_tickers.json: HTTP Error 403: Forbidden,,,0.00,,,2026-06-10T10:21:49+00:00
89,Enterprise Products Partners,2025,sec_source_fetch_failed,RuntimeError,SEC source fetch failed before CIK matching: RuntimeError: Request failed after 3 attempts: https://www.sec.gov/files/company_tickers.json: HTTP Error 403: Forbidden,,,0.00,,,2026-06-10T10:21:49+00:00
89,Enterprise Products Partners,2024,sec_source_fetch_failed,RuntimeError,SEC source fetch failed before CIK matching: RuntimeError: Request failed after 3 attempts: https://www.sec.gov/files/company_tickers.json: HTTP Error 403: Forbidden,,,0.00,,,2026-06-10T10:21:49+00:00
89,Enterprise Products Partners,2023,sec_source_fetch_failed,RuntimeError,SEC source fetch failed before CIK matching: RuntimeError: Request failed after 3 attempts: https://www.sec.gov/files/company_tickers.json: HTTP Error 403: Forbidden,,,0.00,,,2026-06-10T10:21:49+00:00
90,Ingram Micro Holding,2025,sec_source_fetch_failed,RuntimeError,SEC source fetch failed before CIK matching: RuntimeError: Request failed after 3 attempts: https://www.sec.gov/files/company_tickers.json: HTTP Error 403: Forbidden,,,0.00,,,2026-06-10T10:21:49+00:00
90,Ingram Micro Holding,2024,sec_source_fetch_failed,RuntimeError,SEC source fetch failed before CIK matching: RuntimeError: Request failed after 3 attempts: https://www.sec.gov/files/company_tickers.json: HTTP Error 403: Forbidden,,,0.00,,,2026-06-10T10:21:49+00:00
90,Ingram Micro Holding,2023,sec_source_fetch_failed,RuntimeError,SEC source fetch failed before CIK matching: RuntimeError: Request failed after 3 attempts: https://www.sec.gov/files/company_tickers.json: HTTP Error 403: Forbidden,,,0.00,,,2026-06-10T10:21:49+00:00
91,General Dynamics,2025,sec_source_fetch_failed,RuntimeError,SEC source fetch failed before CIK matching: RuntimeError: Request failed after 3 attempts: https://www.sec.gov/files/company_tickers.json: HTTP Error 403: Forbidden,,,0.00,,,2026-06-10T10:21:49+00:00
91,General Dynamics,2024,sec_source_fetch_failed,RuntimeError,SEC source fetch failed before CIK matching: RuntimeError: Request failed after 3 attempts: https://www.sec.gov/files/company_tickers.json: HTTP Error 403: Forbidden,,,0.00,,,2026-06-10T10:21:49+00:00
91,General Dynamics,2023,sec_source_fetch_failed,RuntimeError,SEC source fetch failed before CIK matching: RuntimeError: Request failed after 3 attempts: https://www.sec.gov/files/company_tickers.json: HTTP Error 403: Forbidden,,,0.00,,,2026-06-10T10:21:49+00:00
92,Uber Technologies,2025,sec_source_fetch_failed,RuntimeError,SEC source fetch failed before CIK matching: RuntimeError: Request failed after 3 attempts: https://www.sec.gov/files/company_tickers.json: HTTP Error 403: Forbidden,,,0.00,,,2026-06-10T10:21:49+00:00
92,Uber Technologies,2024,sec_source_fetch_failed,RuntimeError,SEC source fetch failed before CIK matching: RuntimeError: Request failed after 3 attempts: https://www.sec.gov/files/company_tickers.json: HTTP Error 403: Forbidden,,,0.00,,,2026-06-10T10:21:49+00:00
92,Uber Technologies,2023,sec_source_fetch_failed,RuntimeError,SEC source fetch failed before CIK matching: RuntimeError: Request failed after 3 attempts: https://www.sec.gov/files/company_tickers.json: HTTP Error 403: Forbidden,,,0.00,,,2026-06-10T10:21:49+00:00
93,USAA,2025,sec_source_fetch_failed,RuntimeError,SEC source fetch failed before CIK matching: RuntimeError: Request failed after 3 attempts: https://www.sec.gov/files/company_tickers.json: HTTP Error 403: Forbidden,,,0.00,,,2026-06-10T10:21:49+00:00
93,USAA,2024,sec_source_fetch_failed,RuntimeError,SEC source fetch failed before CIK matching: RuntimeError: Request failed after 3 attempts: https://www.sec.gov/files/company_tickers.json: HTTP Error 403: Forbidden,,,0.00,,,2026-06-10T10:21:49+00:00
93,USAA,2023,sec_source_fetch_failed,RuntimeError,SEC source fetch failed before CIK matching: RuntimeError: Request failed after 3 attempts: https://www.sec.gov/files/company_tickers.json: HTTP Error 403: Forbidden,,,0.00,,,2026-06-10T10:21:49+00:00
94,TIAA,2025,sec_source_fetch_failed,RuntimeError,SEC source fetch failed before CIK matching: RuntimeError: Request failed after 3 attempts: https://www.sec.gov/files/company_tickers.json: HTTP Error 403: Forbidden,,,0.00,,,2026-06-10T10:21:49+00:00
94,TIAA,2024,sec_source_fetch_failed,RuntimeError,SEC source fetch failed before CIK matching: RuntimeError: Request failed after 3 attempts: https://www.sec.gov/files/company_tickers.json: HTTP Error 403: Forbidden,,,0.00,,,2026-06-10T10:21:49+00:00
94,TIAA,2023,sec_source_fetch_failed,RuntimeError,SEC source fetch failed before CIK matching: RuntimeError: Request failed after 3 attempts: https://www.sec.gov/files/company_tickers.json: HTTP Error 403: Forbidden,,,0.00,,,2026-06-10T10:21:49+00:00
95,Liberty Mutual Insurance Group,2025,sec_source_fetch_failed,RuntimeError,SEC source fetch failed before CIK matching: RuntimeError: Request failed after 3 attempts: https://www.sec.gov/files/company_tickers.json: HTTP Error 403: Forbidden,,,0.00,,,2026-06-10T10:21:49+00:00
95,Liberty Mutual Insurance Group,2024,sec_source_fetch_failed,RuntimeError,SEC source fetch failed before CIK matching: RuntimeError: Request failed after 3 attempts: https://www.sec.gov/files/company_tickers.json: HTTP Error 403: Forbidden,,,0.00,,,2026-06-10T10:21:49+00:00
95,Liberty Mutual Insurance Group,2023,sec_source_fetch_failed,RuntimeError,SEC source fetch failed before CIK matching: RuntimeError: Request failed after 3 attempts: https://www.sec.gov/files/company_tickers.json: HTTP Error 403: Forbidden,,,0.00,,,2026-06-10T10:21:49+00:00
96,Travelers,2025,sec_source_fetch_failed,RuntimeError,SEC source fetch failed before CIK matching: RuntimeError: Request failed after 3 attempts: https://www.sec.gov/files/company_tickers.json: HTTP Error 403: Forbidden,,,0.00,,,2026-06-10T10:21:49+00:00
96,Travelers,2024,sec_source_fetch_failed,RuntimeError,SEC source fetch failed before CIK matching: RuntimeError: Request failed after 3 attempts: https://www.sec.gov/files/company_tickers.json: HTTP Error 403: Forbidden,,,0.00,,,2026-06-10T10:21:49+00:00
96,Travelers,2023,sec_source_fetch_failed,RuntimeError,SEC source fetch failed before CIK matching: RuntimeError: Request failed after 3 attempts: https://www.sec.gov/files/company_tickers.json: HTTP Error 403: Forbidden,,,0.00,,,2026-06-10T10:21:49+00:00
97,Bristol-Myers Squibb,2025,sec_source_fetch_failed,RuntimeError,SEC source fetch failed before CIK matching: RuntimeError: Request failed after 3 attempts: https://www.sec.gov/files/company_tickers.json: HTTP Error 403: Forbidden,,,0.00,,,2026-06-10T10:21:49+00:00
97,Bristol-Myers Squibb,2024,sec_source_fetch_failed,RuntimeError,SEC source fetch failed before CIK matching: RuntimeError: Request failed after 3 attempts: https://www.sec.gov/files/company_tickers.json: HTTP Error 403: Forbidden,,,0.00,,,2026-06-10T10:21:49+00:00
97,Bristol-Myers Squibb,2023,sec_source_fetch_failed,RuntimeError,SEC source fetch failed before CIK matching: RuntimeError: Request failed after 3 attempts: https://www.sec.gov/files/company_tickers.json: HTTP Error 403: Forbidden,,,0.00,,,2026-06-10T10:21:49+00:00
98,Coca-Cola,2025,sec_source_fetch_failed,RuntimeError,SEC source fetch failed before CIK matching: RuntimeError: Request failed after 3 attempts: https://www.sec.gov/files/company_tickers.json: HTTP Error 403: Forbidden,,,0.00,,,2026-06-10T10:21:49+00:00
98,Coca-Cola,2024,sec_source_fetch_failed,RuntimeError,SEC source fetch failed before CIK matching: RuntimeError: Request failed after 3 attempts: https://www.sec.gov/files/company_tickers.json: HTTP Error 403: Forbidden,,,0.00,,,2026-06-10T10:21:49+00:00
98,Coca-Cola,2023,sec_source_fetch_failed,RuntimeError,SEC source fetch failed before CIK matching: RuntimeError: Request failed after 3 attempts: https://www.sec.gov/files/company_tickers.json: HTTP Error 403: Forbidden,,,0.00,,,2026-06-10T10:21:49+00:00
99,Nike,2025,sec_source_fetch_failed,RuntimeError,SEC source fetch failed before CIK matching: RuntimeError: Request failed after 3 attempts: https://www.sec.gov/files/company_tickers.json: HTTP Error 403: Forbidden,,,0.00,,,2026-06-10T10:21:49+00:00
99,Nike,2024,sec_source_fetch_failed,RuntimeError,SEC source fetch failed before CIK matching: RuntimeError: Request failed after 3 attempts: https://www.sec.gov/files/company_tickers.json: HTTP Error 403: Forbidden,,,0.00,,,2026-06-10T10:21:49+00:00
99,Nike,2023,sec_source_fetch_failed,RuntimeError,SEC source fetch failed before CIK matching: RuntimeError: Request failed after 3 attempts: https://www.sec.gov/files/company_tickers.json: HTTP Error 403: Forbidden,,,0.00,,,2026-06-10T10:21:49+00:00
100,Massachusetts Mutual Life,2025,sec_source_fetch_failed,RuntimeError,SEC source fetch failed before CIK matching: RuntimeError: Request failed after 3 attempts: https://www.sec.gov/files/company_tickers.json: HTTP Error 403: Forbidden,,,0.00,,,2026-06-10T10:21:49+00:00
100,Massachusetts Mutual Life,2024,sec_source_fetch_failed,RuntimeError,SEC source fetch failed before CIK matching: RuntimeError: Request failed after 3 attempts: https://www.sec.gov/files/company_tickers.json: HTTP Error 403: Forbidden,,,0.00,,,2026-06-10T10:21:49+00:00
100,Massachusetts Mutual Life,2023,sec_source_fetch_failed,RuntimeError,SEC source fetch failed before CIK matching: RuntimeError: Request failed after 3 attempts: https://www.sec.gov/files/company_tickers.json: HTTP Error 403: Forbidden,,,0.00,,,2026-06-10T10:21:49+00:00
